mode: atomic
github.com/AgentHub-Studio/agenthub-skill-runtime/internal/executor/executor.go:16.41,16.67 1 0
github.com/AgentHub-Studio/agenthub-skill-runtime/internal/executor/executor.go:17.41,17.59 1 0
github.com/AgentHub-Studio/agenthub-skill-runtime/internal/executor/executor.go:20.35,20.75 1 0
github.com/AgentHub-Studio/agenthub-skill-runtime/internal/executor/executor.go:23.51,25.2 1 0
github.com/AgentHub-Studio/agenthub-skill-runtime/internal/executor/executor.go:28.34,31.2 2 0
github.com/AgentHub-Studio/agenthub-skill-runtime/internal/executor/registry.go:11.30,13.2 1 4
github.com/AgentHub-Studio/agenthub-skill-runtime/internal/executor/registry.go:17.45,19.2 1 5
github.com/AgentHub-Studio/agenthub-skill-runtime/internal/executor/registry.go:22.63,24.9 2 2
github.com/AgentHub-Studio/agenthub-skill-runtime/internal/executor/registry.go:24.9,26.3 1 1
github.com/AgentHub-Studio/agenthub-skill-runtime/internal/executor/registry.go:27.2,27.15 1 1
github.com/AgentHub-Studio/agenthub-skill-runtime/internal/executor/registry.go:31.37,33.29 2 2
github.com/AgentHub-Studio/agenthub-skill-runtime/internal/executor/registry.go:33.29,35.3 1 3
github.com/AgentHub-Studio/agenthub-skill-runtime/internal/executor/registry.go:36.2,36.14 1 2
github.com/AgentHub-Studio/agenthub-skill-runtime/internal/executor/resolver.go:30.58,32.2 1 0
github.com/AgentHub-Studio/agenthub-skill-runtime/internal/executor/resolver.go:42.102,56.69 5 0
github.com/AgentHub-Studio/agenthub-skill-runtime/internal/executor/resolver.go:56.69,71.82 3 0
github.com/AgentHub-Studio/agenthub-skill-runtime/internal/executor/resolver.go:71.82,73.4 1 0
github.com/AgentHub-Studio/agenthub-skill-runtime/internal/executor/resolver.go:79.3,81.82 3 0
github.com/AgentHub-Studio/agenthub-skill-runtime/internal/executor/resolver.go:81.82,83.4 1 0
github.com/AgentHub-Studio/agenthub-skill-runtime/internal/executor/resolver.go:84.3,84.20 1 0
github.com/AgentHub-Studio/agenthub-skill-runtime/internal/executor/resolver.go:86.2,86.19 1 0
github.com/AgentHub-Studio/agenthub-skill-runtime/internal/executor/resolver.go:90.98,96.69 5 0
github.com/AgentHub-Studio/agenthub-skill-runtime/internal/executor/resolver.go:96.69,98.3 1 0
github.com/AgentHub-Studio/agenthub-skill-runtime/internal/executor/resolver.go:99.2,99.19 1 0
github.com/AgentHub-Studio/agenthub-skill-runtime/internal/executor/schema.go:6.43,8.2 1 2
github.com/AgentHub-Studio/agenthub-skill-runtime/internal/executor/docsearch/embedding_client.go:19.58,24.2 1 0
github.com/AgentHub-Studio/agenthub-skill-runtime/internal/executor/docsearch/embedding_client.go:37.86,39.16 2 0
github.com/AgentHub-Studio/agenthub-skill-runtime/internal/executor/docsearch/embedding_client.go:39.16,41.3 1 0
github.com/AgentHub-Studio/agenthub-skill-runtime/internal/executor/docsearch/embedding_client.go:43.2,44.16 2 0
github.com/AgentHub-Studio/agenthub-skill-runtime/internal/executor/docsearch/embedding_client.go:44.16,46.3 1 0
github.com/AgentHub-Studio/agenthub-skill-runtime/internal/executor/docsearch/embedding_client.go:47.2,50.16 3 0
github.com/AgentHub-Studio/agenthub-skill-runtime/internal/executor/docsearch/embedding_client.go:50.16,52.3 1 0
github.com/AgentHub-Studio/agenthub-skill-runtime/internal/executor/docsearch/embedding_client.go:53.2,53.15 1 0
github.com/AgentHub-Studio/agenthub-skill-runtime/internal/executor/docsearch/embedding_client.go:53.15,53.40 1 0
github.com/AgentHub-Studio/agenthub-skill-runtime/internal/executor/docsearch/embedding_client.go:55.2,55.38 1 0
github.com/AgentHub-Studio/agenthub-skill-runtime/internal/executor/docsearch/embedding_client.go:55.38,58.3 2 0
github.com/AgentHub-Studio/agenthub-skill-runtime/internal/executor/docsearch/embedding_client.go:60.2,61.67 2 0
github.com/AgentHub-Studio/agenthub-skill-runtime/internal/executor/docsearch/embedding_client.go:61.67,63.3 1 0
github.com/AgentHub-Studio/agenthub-skill-runtime/internal/executor/docsearch/embedding_client.go:65.2,65.32 1 0
github.com/AgentHub-Studio/agenthub-skill-runtime/internal/executor/docsearch/embedding_client.go:65.32,67.3 1 0
github.com/AgentHub-Studio/agenthub-skill-runtime/internal/executor/docsearch/embedding_client.go:69.2,69.30 1 0
github.com/AgentHub-Studio/agenthub-skill-runtime/internal/executor/docsearch/executor.go:27.84,29.2 1 4
github.com/AgentHub-Studio/agenthub-skill-runtime/internal/executor/docsearch/executor.go:33.102,36.2 2 0
github.com/AgentHub-Studio/agenthub-skill-runtime/internal/executor/docsearch/executor.go:39.59,39.87 1 1
github.com/AgentHub-Studio/agenthub-skill-runtime/internal/executor/docsearch/executor.go:58.123,60.16 2 3
github.com/AgentHub-Studio/agenthub-skill-runtime/internal/executor/docsearch/executor.go:60.16,62.3 1 0
github.com/AgentHub-Studio/agenthub-skill-runtime/internal/executor/docsearch/executor.go:64.2,64.31 1 3
github.com/AgentHub-Studio/agenthub-skill-runtime/internal/executor/docsearch/executor.go:64.31,66.3 1 1
github.com/AgentHub-Studio/agenthub-skill-runtime/internal/executor/docsearch/executor.go:67.2,67.28 1 2
github.com/AgentHub-Studio/agenthub-skill-runtime/internal/executor/docsearch/executor.go:67.28,70.3 1 1
github.com/AgentHub-Studio/agenthub-skill-runtime/internal/executor/docsearch/executor.go:71.2,71.28 1 2
github.com/AgentHub-Studio/agenthub-skill-runtime/internal/executor/docsearch/executor.go:71.28,73.3 1 1
github.com/AgentHub-Studio/agenthub-skill-runtime/internal/executor/docsearch/executor.go:75.2,76.24 2 1
github.com/AgentHub-Studio/agenthub-skill-runtime/internal/executor/docsearch/executor.go:76.24,78.3 1 1
github.com/AgentHub-Studio/agenthub-skill-runtime/internal/executor/docsearch/executor.go:80.2,81.15 2 0
github.com/AgentHub-Studio/agenthub-skill-runtime/internal/executor/docsearch/executor.go:81.15,83.3 1 0
github.com/AgentHub-Studio/agenthub-skill-runtime/internal/executor/docsearch/executor.go:84.2,85.20 2 0
github.com/AgentHub-Studio/agenthub-skill-runtime/internal/executor/docsearch/executor.go:85.20,87.3 1 0
github.com/AgentHub-Studio/agenthub-skill-runtime/internal/executor/docsearch/executor.go:89.2,91.16 3 0
github.com/AgentHub-Studio/agenthub-skill-runtime/internal/executor/docsearch/executor.go:91.16,93.3 1 0
github.com/AgentHub-Studio/agenthub-skill-runtime/internal/executor/docsearch/executor.go:95.2,96.16 2 0
github.com/AgentHub-Studio/agenthub-skill-runtime/internal/executor/docsearch/executor.go:96.16,98.3 1 0
github.com/AgentHub-Studio/agenthub-skill-runtime/internal/executor/docsearch/executor.go:100.2,100.74 1 0
github.com/AgentHub-Studio/agenthub-skill-runtime/internal/executor/docsearch/executor.go:110.27,128.16 5 0
github.com/AgentHub-Studio/agenthub-skill-runtime/internal/executor/docsearch/executor.go:128.16,130.3 1 0
github.com/AgentHub-Studio/agenthub-skill-runtime/internal/executor/docsearch/executor.go:131.2,134.18 3 0
github.com/AgentHub-Studio/agenthub-skill-runtime/internal/executor/docsearch/executor.go:134.18,136.89 2 0
github.com/AgentHub-Studio/agenthub-skill-runtime/internal/executor/docsearch/executor.go:136.89,138.4 1 0
github.com/AgentHub-Studio/agenthub-skill-runtime/internal/executor/docsearch/executor.go:139.3,139.31 1 0
github.com/AgentHub-Studio/agenthub-skill-runtime/internal/executor/docsearch/executor.go:141.2,141.35 1 0
github.com/AgentHub-Studio/agenthub-skill-runtime/internal/executor/docsearch/executor.go:141.35,143.3 1 0
github.com/AgentHub-Studio/agenthub-skill-runtime/internal/executor/docsearch/executor.go:144.2,144.21 1 0
github.com/AgentHub-Studio/agenthub-skill-runtime/internal/executor/docsearch/executor.go:148.47,149.17 1 3
github.com/AgentHub-Studio/agenthub-skill-runtime/internal/executor/docsearch/executor.go:149.17,151.3 1 2
github.com/AgentHub-Studio/agenthub-skill-runtime/internal/executor/docsearch/executor.go:152.2,154.22 3 1
github.com/AgentHub-Studio/agenthub-skill-runtime/internal/executor/docsearch/executor.go:154.22,155.12 1 3
github.com/AgentHub-Studio/agenthub-skill-runtime/internal/executor/docsearch/executor.go:155.12,157.4 1 2
github.com/AgentHub-Studio/agenthub-skill-runtime/internal/executor/docsearch/executor.go:158.3,158.43 1 3
github.com/AgentHub-Studio/agenthub-skill-runtime/internal/executor/docsearch/executor.go:160.2,161.19 2 1
github.com/AgentHub-Studio/agenthub-skill-runtime/internal/executor/docsearch/executor.go:170.73,172.16 2 5
github.com/AgentHub-Studio/agenthub-skill-runtime/internal/executor/docsearch/executor.go:172.16,174.3 1 0
github.com/AgentHub-Studio/agenthub-skill-runtime/internal/executor/docsearch/executor.go:175.2,176.51 2 5
github.com/AgentHub-Studio/agenthub-skill-runtime/internal/executor/docsearch/executor.go:176.51,178.3 1 0
github.com/AgentHub-Studio/agenthub-skill-runtime/internal/executor/docsearch/executor.go:180.2,180.31 1 5
github.com/AgentHub-Studio/agenthub-skill-runtime/internal/executor/docsearch/executor.go:180.31,181.40 1 1
github.com/AgentHub-Studio/agenthub-skill-runtime/internal/executor/docsearch/executor.go:181.40,183.4 1 0
github.com/AgentHub-Studio/agenthub-skill-runtime/internal/executor/docsearch/executor.go:185.2,185.19 1 5
github.com/AgentHub-Studio/agenthub-skill-runtime/internal/executor/docsearch/executor.go:185.19,186.41 1 4
github.com/AgentHub-Studio/agenthub-skill-runtime/internal/executor/docsearch/executor.go:186.41,188.4 1 0
github.com/AgentHub-Studio/agenthub-skill-runtime/internal/executor/docsearch/executor.go:188.9,188.49 1 4
github.com/AgentHub-Studio/agenthub-skill-runtime/internal/executor/docsearch/executor.go:188.49,190.4 1 0
github.com/AgentHub-Studio/agenthub-skill-runtime/internal/executor/docsearch/executor.go:192.2,192.34 1 5
github.com/AgentHub-Studio/agenthub-skill-runtime/internal/executor/docsearch/executor.go:192.34,193.56 1 4
github.com/AgentHub-Studio/agenthub-skill-runtime/internal/executor/docsearch/executor.go:193.56,195.4 1 0
github.com/AgentHub-Studio/agenthub-skill-runtime/internal/executor/docsearch/executor.go:197.2,197.28 1 5
github.com/AgentHub-Studio/agenthub-skill-runtime/internal/executor/docsearch/executor.go:197.28,198.48 1 1
github.com/AgentHub-Studio/agenthub-skill-runtime/internal/executor/docsearch/executor.go:198.48,200.4 1 0
github.com/AgentHub-Studio/agenthub-skill-runtime/internal/executor/docsearch/executor.go:202.2,202.18 1 5
github.com/AgentHub-Studio/agenthub-skill-runtime/internal/executor/mcp/executor.go:42.62,52.2 3 8
github.com/AgentHub-Studio/agenthub-skill-runtime/internal/executor/mcp/executor.go:55.48,55.64 1 1
github.com/AgentHub-Studio/agenthub-skill-runtime/internal/executor/mcp/executor.go:95.112,97.16 2 4
github.com/AgentHub-Studio/agenthub-skill-runtime/internal/executor/mcp/executor.go:97.16,99.3 1 0
github.com/AgentHub-Studio/agenthub-skill-runtime/internal/executor/mcp/executor.go:100.2,100.33 1 4
github.com/AgentHub-Studio/agenthub-skill-runtime/internal/executor/mcp/executor.go:100.33,102.3 1 3
github.com/AgentHub-Studio/agenthub-skill-runtime/internal/executor/mcp/executor.go:103.2,103.24 1 1
github.com/AgentHub-Studio/agenthub-skill-runtime/internal/executor/mcp/executor.go:103.24,105.3 1 1
github.com/AgentHub-Studio/agenthub-skill-runtime/internal/executor/mcp/executor.go:107.2,108.16 2 0
github.com/AgentHub-Studio/agenthub-skill-runtime/internal/executor/mcp/executor.go:108.16,110.3 1 0
github.com/AgentHub-Studio/agenthub-skill-runtime/internal/executor/mcp/executor.go:112.2,112.33 1 0
github.com/AgentHub-Studio/agenthub-skill-runtime/internal/executor/mcp/executor.go:113.15,114.37 1 0
github.com/AgentHub-Studio/agenthub-skill-runtime/internal/executor/mcp/executor.go:114.37,116.4 1 0
github.com/AgentHub-Studio/agenthub-skill-runtime/internal/executor/mcp/executor.go:117.3,117.87 1 0
github.com/AgentHub-Studio/agenthub-skill-runtime/internal/executor/mcp/executor.go:118.14,119.63 1 0
github.com/AgentHub-Studio/agenthub-skill-runtime/internal/executor/mcp/executor.go:120.10,121.97 1 0
github.com/AgentHub-Studio/agenthub-skill-runtime/internal/executor/mcp/executor.go:125.153,126.33 1 1
github.com/AgentHub-Studio/agenthub-skill-runtime/internal/executor/mcp/executor.go:126.33,128.3 1 0
github.com/AgentHub-Studio/agenthub-skill-runtime/internal/executor/mcp/executor.go:129.2,130.55 2 1
github.com/AgentHub-Studio/agenthub-skill-runtime/internal/executor/mcp/executor.go:130.55,132.3 1 1
github.com/AgentHub-Studio/agenthub-skill-runtime/internal/executor/mcp/executor.go:134.2,144.16 3 0
github.com/AgentHub-Studio/agenthub-skill-runtime/internal/executor/mcp/executor.go:144.16,146.3 1 0
github.com/AgentHub-Studio/agenthub-skill-runtime/internal/executor/mcp/executor.go:148.2,149.16 2 0
github.com/AgentHub-Studio/agenthub-skill-runtime/internal/executor/mcp/executor.go:149.16,151.3 1 0
github.com/AgentHub-Studio/agenthub-skill-runtime/internal/executor/mcp/executor.go:152.2,156.16 4 0
github.com/AgentHub-Studio/agenthub-skill-runtime/internal/executor/mcp/executor.go:156.16,158.3 1 0
github.com/AgentHub-Studio/agenthub-skill-runtime/internal/executor/mcp/executor.go:159.2,159.15 1 0
github.com/AgentHub-Studio/agenthub-skill-runtime/internal/executor/mcp/executor.go:159.15,159.44 1 0
github.com/AgentHub-Studio/agenthub-skill-runtime/internal/executor/mcp/executor.go:161.2,162.16 2 0
github.com/AgentHub-Studio/agenthub-skill-runtime/internal/executor/mcp/executor.go:162.16,164.3 1 0
github.com/AgentHub-Studio/agenthub-skill-runtime/internal/executor/mcp/executor.go:165.2,165.42 1 0
github.com/AgentHub-Studio/agenthub-skill-runtime/internal/executor/mcp/executor.go:165.42,167.3 1 0
github.com/AgentHub-Studio/agenthub-skill-runtime/internal/executor/mcp/executor.go:169.2,170.58 2 0
github.com/AgentHub-Studio/agenthub-skill-runtime/internal/executor/mcp/executor.go:170.58,172.3 1 0
github.com/AgentHub-Studio/agenthub-skill-runtime/internal/executor/mcp/executor.go:173.2,173.42 1 0
github.com/AgentHub-Studio/agenthub-skill-runtime/internal/executor/mcp/executor.go:176.65,180.85 1 1
github.com/AgentHub-Studio/agenthub-skill-runtime/internal/executor/mcp/executor.go:180.85,182.4 1 0
github.com/AgentHub-Studio/agenthub-skill-runtime/internal/executor/mcp/executor.go:184.2,187.69 1 1
github.com/AgentHub-Studio/agenthub-skill-runtime/internal/executor/mcp/executor.go:187.69,188.22 1 1
github.com/AgentHub-Studio/agenthub-skill-runtime/internal/executor/mcp/executor.go:188.22,190.5 1 0
github.com/AgentHub-Studio/agenthub-skill-runtime/internal/executor/mcp/executor.go:191.4,191.65 1 1
github.com/AgentHub-Studio/agenthub-skill-runtime/internal/executor/mcp/executor.go:191.65,193.5 1 1
github.com/AgentHub-Studio/agenthub-skill-runtime/internal/executor/mcp/executor.go:194.4,194.14 1 0
github.com/AgentHub-Studio/agenthub-skill-runtime/internal/executor/mcp/executor.go:201.108,203.16 2 2
github.com/AgentHub-Studio/agenthub-skill-runtime/internal/executor/mcp/executor.go:203.16,205.3 1 0
github.com/AgentHub-Studio/agenthub-skill-runtime/internal/executor/mcp/executor.go:206.2,206.40 1 2
github.com/AgentHub-Studio/agenthub-skill-runtime/internal/executor/mcp/executor.go:206.40,207.39 1 0
github.com/AgentHub-Studio/agenthub-skill-runtime/internal/executor/mcp/executor.go:207.39,209.4 1 0
github.com/AgentHub-Studio/agenthub-skill-runtime/internal/executor/mcp/executor.go:210.3,210.74 1 0
github.com/AgentHub-Studio/agenthub-skill-runtime/internal/executor/mcp/executor.go:213.2,214.16 2 2
github.com/AgentHub-Studio/agenthub-skill-runtime/internal/executor/mcp/executor.go:214.16,216.3 1 0
github.com/AgentHub-Studio/agenthub-skill-runtime/internal/executor/mcp/executor.go:217.2,217.25 1 2
github.com/AgentHub-Studio/agenthub-skill-runtime/internal/executor/mcp/executor.go:217.25,219.3 1 0
github.com/AgentHub-Studio/agenthub-skill-runtime/internal/executor/mcp/executor.go:220.2,220.37 1 2
github.com/AgentHub-Studio/agenthub-skill-runtime/internal/executor/mcp/executor.go:220.37,221.48 1 2
github.com/AgentHub-Studio/agenthub-skill-runtime/internal/executor/mcp/executor.go:221.48,223.4 1 1
github.com/AgentHub-Studio/agenthub-skill-runtime/internal/executor/mcp/executor.go:225.2,225.86 1 1
github.com/AgentHub-Studio/agenthub-skill-runtime/internal/executor/mcp/executor.go:228.169,229.48 1 1
github.com/AgentHub-Studio/agenthub-skill-runtime/internal/executor/mcp/executor.go:229.48,231.3 1 0
github.com/AgentHub-Studio/agenthub-skill-runtime/internal/executor/mcp/executor.go:232.2,233.16 2 1
github.com/AgentHub-Studio/agenthub-skill-runtime/internal/executor/mcp/executor.go:233.16,235.3 1 0
github.com/AgentHub-Studio/agenthub-skill-runtime/internal/executor/mcp/executor.go:236.2,237.16 2 1
github.com/AgentHub-Studio/agenthub-skill-runtime/internal/executor/mcp/executor.go:237.16,239.3 1 0
github.com/AgentHub-Studio/agenthub-skill-runtime/internal/executor/mcp/executor.go:242.2,246.16 5 1
github.com/AgentHub-Studio/agenthub-skill-runtime/internal/executor/mcp/executor.go:246.16,248.3 1 0
github.com/AgentHub-Studio/agenthub-skill-runtime/internal/executor/mcp/executor.go:249.2,250.16 2 1
github.com/AgentHub-Studio/agenthub-skill-runtime/internal/executor/mcp/executor.go:250.16,252.3 1 0
github.com/AgentHub-Studio/agenthub-skill-runtime/internal/executor/mcp/executor.go:253.2,253.36 1 1
github.com/AgentHub-Studio/agenthub-skill-runtime/internal/executor/mcp/executor.go:253.36,255.3 1 0
github.com/AgentHub-Studio/agenthub-skill-runtime/internal/executor/mcp/executor.go:256.2,256.15 1 1
github.com/AgentHub-Studio/agenthub-skill-runtime/internal/executor/mcp/executor.go:256.15,258.25 2 1
github.com/AgentHub-Studio/agenthub-skill-runtime/internal/executor/mcp/executor.go:258.25,260.4 1 1
github.com/AgentHub-Studio/agenthub-skill-runtime/internal/executor/mcp/executor.go:261.3,261.17 1 1
github.com/AgentHub-Studio/agenthub-skill-runtime/internal/executor/mcp/executor.go:264.2,273.16 3 1
github.com/AgentHub-Studio/agenthub-skill-runtime/internal/executor/mcp/executor.go:273.16,275.3 1 0
github.com/AgentHub-Studio/agenthub-skill-runtime/internal/executor/mcp/executor.go:276.2,276.29 1 1
github.com/AgentHub-Studio/agenthub-skill-runtime/internal/executor/mcp/executor.go:276.29,278.3 1 0
github.com/AgentHub-Studio/agenthub-skill-runtime/internal/executor/mcp/executor.go:279.2,279.80 1 1
github.com/AgentHub-Studio/agenthub-skill-runtime/internal/executor/mcp/executor.go:279.80,281.3 1 0
github.com/AgentHub-Studio/agenthub-skill-runtime/internal/executor/mcp/executor.go:283.2,287.16 2 1
github.com/AgentHub-Studio/agenthub-skill-runtime/internal/executor/mcp/executor.go:287.16,289.3 1 0
github.com/AgentHub-Studio/agenthub-skill-runtime/internal/executor/mcp/executor.go:290.2,290.42 1 1
github.com/AgentHub-Studio/agenthub-skill-runtime/internal/executor/mcp/executor.go:293.65,294.27 1 1
github.com/AgentHub-Studio/agenthub-skill-runtime/internal/executor/mcp/executor.go:294.27,296.3 1 0
github.com/AgentHub-Studio/agenthub-skill-runtime/internal/executor/mcp/executor.go:297.2,297.50 1 1
github.com/AgentHub-Studio/agenthub-skill-runtime/internal/executor/mcp/executor.go:306.74,310.2 3 1
github.com/AgentHub-Studio/agenthub-skill-runtime/internal/executor/mcp/executor.go:312.114,315.100 3 2
github.com/AgentHub-Studio/agenthub-skill-runtime/internal/executor/mcp/executor.go:315.100,317.3 1 0
github.com/AgentHub-Studio/agenthub-skill-runtime/internal/executor/mcp/executor.go:319.2,319.22 1 2
github.com/AgentHub-Studio/agenthub-skill-runtime/internal/executor/mcp/executor.go:319.22,320.35 1 2
github.com/AgentHub-Studio/agenthub-skill-runtime/internal/executor/mcp/executor.go:320.35,322.4 1 0
github.com/AgentHub-Studio/agenthub-skill-runtime/internal/executor/mcp/executor.go:323.3,324.69 2 2
github.com/AgentHub-Studio/agenthub-skill-runtime/internal/executor/mcp/executor.go:324.69,326.4 1 0
github.com/AgentHub-Studio/agenthub-skill-runtime/internal/executor/mcp/executor.go:327.3,327.24 1 2
github.com/AgentHub-Studio/agenthub-skill-runtime/internal/executor/mcp/executor.go:327.24,329.4 1 2
github.com/AgentHub-Studio/agenthub-skill-runtime/internal/executor/mcp/executor.go:331.2,331.34 1 0
github.com/AgentHub-Studio/agenthub-skill-runtime/internal/executor/mcp/executor.go:331.34,333.3 1 0
github.com/AgentHub-Studio/agenthub-skill-runtime/internal/executor/mcp/executor.go:334.2,334.39 1 0
github.com/AgentHub-Studio/agenthub-skill-runtime/internal/executor/mcp/executor.go:334.39,336.3 1 0
github.com/AgentHub-Studio/agenthub-skill-runtime/internal/executor/mcp/executor.go:337.2,337.69 1 0
github.com/AgentHub-Studio/agenthub-skill-runtime/internal/executor/mcp/executor.go:340.82,342.2 1 1
github.com/AgentHub-Studio/agenthub-skill-runtime/internal/executor/mcp/executor.go:344.57,346.16 2 3
github.com/AgentHub-Studio/agenthub-skill-runtime/internal/executor/mcp/executor.go:346.16,348.3 1 0
github.com/AgentHub-Studio/agenthub-skill-runtime/internal/executor/mcp/executor.go:349.2,350.48 2 3
github.com/AgentHub-Studio/agenthub-skill-runtime/internal/executor/mcp/executor.go:350.48,352.3 1 0
github.com/AgentHub-Studio/agenthub-skill-runtime/internal/executor/mcp/executor.go:353.2,353.12 1 3
github.com/AgentHub-Studio/agenthub-skill-runtime/internal/executor/mcp/executor.go:356.67,358.26 2 4
github.com/AgentHub-Studio/agenthub-skill-runtime/internal/executor/mcp/executor.go:358.26,360.3 1 5
github.com/AgentHub-Studio/agenthub-skill-runtime/internal/executor/mcp/executor.go:361.2,365.27 4 4
github.com/AgentHub-Studio/agenthub-skill-runtime/internal/executor/mcp/executor.go:365.27,366.105 1 5
github.com/AgentHub-Studio/agenthub-skill-runtime/internal/executor/mcp/executor.go:366.105,368.4 1 2
github.com/AgentHub-Studio/agenthub-skill-runtime/internal/executor/mcp/executor.go:369.3,369.49 1 3
github.com/AgentHub-Studio/agenthub-skill-runtime/internal/executor/mcp/executor.go:371.2,371.21 1 2
github.com/AgentHub-Studio/agenthub-skill-runtime/internal/executor/mcp/executor.go:374.48,376.191 2 5
github.com/AgentHub-Studio/agenthub-skill-runtime/internal/executor/mcp/executor.go:376.191,378.3 1 1
github.com/AgentHub-Studio/agenthub-skill-runtime/internal/executor/mcp/executor.go:379.2,379.130 1 4
github.com/AgentHub-Studio/agenthub-skill-runtime/internal/executor/mcp/executor.go:382.72,384.34 2 12
github.com/AgentHub-Studio/agenthub-skill-runtime/internal/executor/mcp/executor.go:384.34,386.3 1 7
github.com/AgentHub-Studio/agenthub-skill-runtime/internal/executor/mcp/executor.go:388.2,388.48 1 5
github.com/AgentHub-Studio/agenthub-skill-runtime/internal/executor/mcp/executor.go:388.48,390.34 2 5
github.com/AgentHub-Studio/agenthub-skill-runtime/internal/executor/mcp/executor.go:390.34,392.4 1 1
github.com/AgentHub-Studio/agenthub-skill-runtime/internal/executor/mcp/executor.go:393.3,394.17 2 4
github.com/AgentHub-Studio/agenthub-skill-runtime/internal/executor/mcp/executor.go:394.17,396.4 1 0
github.com/AgentHub-Studio/agenthub-skill-runtime/internal/executor/mcp/executor.go:397.3,398.17 2 4
github.com/AgentHub-Studio/agenthub-skill-runtime/internal/executor/mcp/executor.go:398.17,400.4 1 0
github.com/AgentHub-Studio/agenthub-skill-runtime/internal/executor/mcp/executor.go:401.3,401.63 1 4
github.com/AgentHub-Studio/agenthub-skill-runtime/internal/executor/mcp/executor.go:401.63,403.4 1 0
github.com/AgentHub-Studio/agenthub-skill-runtime/internal/executor/mcp/executor.go:404.3,404.35 1 4
github.com/AgentHub-Studio/agenthub-skill-runtime/internal/executor/mcp/executor.go:406.2,406.23 1 4
github.com/AgentHub-Studio/agenthub-skill-runtime/internal/executor/mcp/executor.go:409.87,411.33 2 4
github.com/AgentHub-Studio/agenthub-skill-runtime/internal/executor/mcp/executor.go:411.33,413.3 1 0
github.com/AgentHub-Studio/agenthub-skill-runtime/internal/executor/mcp/executor.go:414.2,415.9 2 4
github.com/AgentHub-Studio/agenthub-skill-runtime/internal/executor/mcp/executor.go:415.9,417.3 1 1
github.com/AgentHub-Studio/agenthub-skill-runtime/internal/executor/mcp/executor.go:418.2,418.22 1 3
github.com/AgentHub-Studio/agenthub-skill-runtime/internal/executor/mcp/executor.go:421.39,422.16 1 5
github.com/AgentHub-Studio/agenthub-skill-runtime/internal/executor/mcp/executor.go:422.16,424.3 1 0
github.com/AgentHub-Studio/agenthub-skill-runtime/internal/executor/mcp/executor.go:425.2,425.32 1 5
github.com/AgentHub-Studio/agenthub-skill-runtime/internal/executor/mcp/executor.go:425.32,426.82 1 67
github.com/AgentHub-Studio/agenthub-skill-runtime/internal/executor/mcp/executor.go:426.82,427.12 1 67
github.com/AgentHub-Studio/agenthub-skill-runtime/internal/executor/mcp/executor.go:429.3,429.46 1 0
github.com/AgentHub-Studio/agenthub-skill-runtime/internal/executor/mcp/executor.go:429.46,430.12 1 0
github.com/AgentHub-Studio/agenthub-skill-runtime/internal/executor/mcp/executor.go:432.3,432.15 1 0
github.com/AgentHub-Studio/agenthub-skill-runtime/internal/executor/mcp/executor.go:434.2,434.13 1 5
github.com/AgentHub-Studio/agenthub-skill-runtime/internal/executor/mcp/executor.go:438.125,450.106 6 0
github.com/AgentHub-Studio/agenthub-skill-runtime/internal/executor/mcp/executor.go:450.106,452.3 1 0
github.com/AgentHub-Studio/agenthub-skill-runtime/internal/executor/mcp/executor.go:453.2,453.60 1 0
github.com/AgentHub-Studio/agenthub-skill-runtime/internal/executor/mcp/executor.go:453.60,455.3 1 0
github.com/AgentHub-Studio/agenthub-skill-runtime/internal/executor/mcp/executor.go:456.2,456.58 1 0
github.com/AgentHub-Studio/agenthub-skill-runtime/internal/executor/mcp/executor.go:456.58,458.3 1 0
github.com/AgentHub-Studio/agenthub-skill-runtime/internal/executor/mcp/executor.go:459.2,459.18 1 0
github.com/AgentHub-Studio/agenthub-skill-runtime/internal/executor/mcp/executor.go:463.69,465.16 2 4
github.com/AgentHub-Studio/agenthub-skill-runtime/internal/executor/mcp/executor.go:465.16,467.3 1 0
github.com/AgentHub-Studio/agenthub-skill-runtime/internal/executor/mcp/executor.go:468.2,469.51 2 4
github.com/AgentHub-Studio/agenthub-skill-runtime/internal/executor/mcp/executor.go:469.51,471.3 1 0
github.com/AgentHub-Studio/agenthub-skill-runtime/internal/executor/mcp/executor.go:472.2,472.18 1 4
github.com/AgentHub-Studio/agenthub-skill-runtime/internal/executor/http/executor.go:50.67,57.2 2 28
github.com/AgentHub-Studio/agenthub-skill-runtime/internal/executor/http/executor.go:62.86,66.2 3 22
github.com/AgentHub-Studio/agenthub-skill-runtime/internal/executor/http/executor.go:69.49,69.66 1 1
github.com/AgentHub-Studio/agenthub-skill-runtime/internal/executor/http/executor.go:98.113,100.16 2 26
github.com/AgentHub-Studio/agenthub-skill-runtime/internal/executor/http/executor.go:100.16,102.3 1 3
github.com/AgentHub-Studio/agenthub-skill-runtime/internal/executor/http/executor.go:105.2,106.18 2 23
github.com/AgentHub-Studio/agenthub-skill-runtime/internal/executor/http/executor.go:106.18,108.3 1 2
github.com/AgentHub-Studio/agenthub-skill-runtime/internal/executor/http/executor.go:109.2,109.18 1 23
github.com/AgentHub-Studio/agenthub-skill-runtime/internal/executor/http/executor.go:109.18,111.3 1 1
github.com/AgentHub-Studio/agenthub-skill-runtime/internal/executor/http/executor.go:113.2,113.40 1 22
github.com/AgentHub-Studio/agenthub-skill-runtime/internal/executor/http/executor.go:113.40,115.17 2 5
github.com/AgentHub-Studio/agenthub-skill-runtime/internal/executor/http/executor.go:115.17,117.4 1 5
github.com/AgentHub-Studio/agenthub-skill-runtime/internal/executor/http/executor.go:118.3,118.17 1 5
github.com/AgentHub-Studio/agenthub-skill-runtime/internal/executor/http/executor.go:118.17,120.4 1 3
github.com/AgentHub-Studio/agenthub-skill-runtime/internal/executor/http/executor.go:123.2,124.18 2 22
github.com/AgentHub-Studio/agenthub-skill-runtime/internal/executor/http/executor.go:124.18,126.3 1 2
github.com/AgentHub-Studio/agenthub-skill-runtime/internal/executor/http/executor.go:127.2,127.36 1 22
github.com/AgentHub-Studio/agenthub-skill-runtime/internal/executor/http/executor.go:127.36,129.3 1 1
github.com/AgentHub-Studio/agenthub-skill-runtime/internal/executor/http/executor.go:130.2,131.16 2 21
github.com/AgentHub-Studio/agenthub-skill-runtime/internal/executor/http/executor.go:131.16,133.3 1 2
github.com/AgentHub-Studio/agenthub-skill-runtime/internal/executor/http/executor.go:135.2,141.90 2 19
github.com/AgentHub-Studio/agenthub-skill-runtime/internal/executor/http/executor.go:141.90,143.3 1 14
github.com/AgentHub-Studio/agenthub-skill-runtime/internal/executor/http/executor.go:145.2,145.45 1 19
github.com/AgentHub-Studio/agenthub-skill-runtime/internal/executor/http/executor.go:145.45,147.3 1 2
github.com/AgentHub-Studio/agenthub-skill-runtime/internal/executor/http/executor.go:153.2,155.23 3 17
github.com/AgentHub-Studio/agenthub-skill-runtime/internal/executor/http/executor.go:155.23,157.22 2 16
github.com/AgentHub-Studio/agenthub-skill-runtime/internal/executor/http/executor.go:157.22,159.4 1 1
github.com/AgentHub-Studio/agenthub-skill-runtime/internal/executor/http/executor.go:160.3,160.47 1 16
github.com/AgentHub-Studio/agenthub-skill-runtime/internal/executor/http/executor.go:160.47,162.4 1 1
github.com/AgentHub-Studio/agenthub-skill-runtime/internal/executor/http/executor.go:165.2,166.25 2 16
github.com/AgentHub-Studio/agenthub-skill-runtime/internal/executor/http/executor.go:166.25,168.3 1 13
github.com/AgentHub-Studio/agenthub-skill-runtime/internal/executor/http/executor.go:170.2,174.28 4 16
github.com/AgentHub-Studio/agenthub-skill-runtime/internal/executor/http/executor.go:174.28,177.3 2 4
github.com/AgentHub-Studio/agenthub-skill-runtime/internal/executor/http/executor.go:179.2,180.16 2 16
github.com/AgentHub-Studio/agenthub-skill-runtime/internal/executor/http/executor.go:180.16,182.3 1 1
github.com/AgentHub-Studio/agenthub-skill-runtime/internal/executor/http/executor.go:184.2,184.32 1 15
github.com/AgentHub-Studio/agenthub-skill-runtime/internal/executor/http/executor.go:184.32,186.3 1 2
github.com/AgentHub-Studio/agenthub-skill-runtime/internal/executor/http/executor.go:189.2,189.63 1 15
github.com/AgentHub-Studio/agenthub-skill-runtime/internal/executor/http/executor.go:189.63,191.3 1 4
github.com/AgentHub-Studio/agenthub-skill-runtime/internal/executor/http/executor.go:194.2,194.9 1 15
github.com/AgentHub-Studio/agenthub-skill-runtime/internal/executor/http/executor.go:195.50,196.60 1 1
github.com/AgentHub-Studio/agenthub-skill-runtime/internal/executor/http/executor.go:197.51,198.59 1 2
github.com/AgentHub-Studio/agenthub-skill-runtime/internal/executor/http/executor.go:199.50,200.58 1 0
github.com/AgentHub-Studio/agenthub-skill-runtime/internal/executor/http/executor.go:203.2,205.16 3 15
github.com/AgentHub-Studio/agenthub-skill-runtime/internal/executor/http/executor.go:205.16,207.3 1 3
github.com/AgentHub-Studio/agenthub-skill-runtime/internal/executor/http/executor.go:208.2,208.15 1 12
github.com/AgentHub-Studio/agenthub-skill-runtime/internal/executor/http/executor.go:208.15,208.40 1 12
github.com/AgentHub-Studio/agenthub-skill-runtime/internal/executor/http/executor.go:210.2,211.16 2 12
github.com/AgentHub-Studio/agenthub-skill-runtime/internal/executor/http/executor.go:211.16,213.3 1 0
github.com/AgentHub-Studio/agenthub-skill-runtime/internal/executor/http/executor.go:216.2,217.68 2 12
github.com/AgentHub-Studio/agenthub-skill-runtime/internal/executor/http/executor.go:217.68,219.3 1 1
github.com/AgentHub-Studio/agenthub-skill-runtime/internal/executor/http/executor.go:223.2,223.28 1 12
github.com/AgentHub-Studio/agenthub-skill-runtime/internal/executor/http/executor.go:223.28,225.44 2 0
github.com/AgentHub-Studio/agenthub-skill-runtime/internal/executor/http/executor.go:225.44,227.4 1 0
github.com/AgentHub-Studio/agenthub-skill-runtime/internal/executor/http/executor.go:227.9,227.36 1 0
github.com/AgentHub-Studio/agenthub-skill-runtime/internal/executor/http/executor.go:227.36,228.59 1 0
github.com/AgentHub-Studio/agenthub-skill-runtime/internal/executor/http/executor.go:228.59,230.5 1 0
github.com/AgentHub-Studio/agenthub-skill-runtime/internal/executor/http/executor.go:232.3,233.17 2 0
github.com/AgentHub-Studio/agenthub-skill-runtime/internal/executor/http/executor.go:233.17,235.4 1 0
github.com/AgentHub-Studio/agenthub-skill-runtime/internal/executor/http/executor.go:236.3,236.51 1 0
github.com/AgentHub-Studio/agenthub-skill-runtime/internal/executor/http/executor.go:239.2,244.46 2 12
github.com/AgentHub-Studio/agenthub-skill-runtime/internal/executor/http/executor.go:247.75,248.24 1 16
github.com/AgentHub-Studio/agenthub-skill-runtime/internal/executor/http/executor.go:248.24,250.3 1 14
github.com/AgentHub-Studio/agenthub-skill-runtime/internal/executor/http/executor.go:252.2,257.85 2 2
github.com/AgentHub-Studio/agenthub-skill-runtime/internal/executor/http/executor.go:257.85,259.4 1 1
github.com/AgentHub-Studio/agenthub-skill-runtime/internal/executor/http/executor.go:262.2,264.69 1 2
github.com/AgentHub-Studio/agenthub-skill-runtime/internal/executor/http/executor.go:264.69,265.22 1 2
github.com/AgentHub-Studio/agenthub-skill-runtime/internal/executor/http/executor.go:265.22,267.5 1 0
github.com/AgentHub-Studio/agenthub-skill-runtime/internal/executor/http/executor.go:268.4,268.58 1 2
github.com/AgentHub-Studio/agenthub-skill-runtime/internal/executor/http/executor.go:268.58,270.5 1 0
github.com/AgentHub-Studio/agenthub-skill-runtime/internal/executor/http/executor.go:271.4,271.56 1 2
github.com/AgentHub-Studio/agenthub-skill-runtime/internal/executor/http/executor.go:271.56,273.5 1 2
github.com/AgentHub-Studio/agenthub-skill-runtime/internal/executor/http/executor.go:274.4,274.14 1 0
github.com/AgentHub-Studio/agenthub-skill-runtime/internal/executor/http/executor.go:279.59,282.2 2 2
github.com/AgentHub-Studio/agenthub-skill-runtime/internal/executor/http/executor.go:284.55,285.23 1 2
github.com/AgentHub-Studio/agenthub-skill-runtime/internal/executor/http/executor.go:285.23,287.3 1 1
github.com/AgentHub-Studio/agenthub-skill-runtime/internal/executor/http/executor.go:288.2,289.38 2 1
github.com/AgentHub-Studio/agenthub-skill-runtime/internal/executor/http/executor.go:289.38,291.3 1 0
github.com/AgentHub-Studio/agenthub-skill-runtime/internal/executor/http/executor.go:292.2,293.16 2 1
github.com/AgentHub-Studio/agenthub-skill-runtime/internal/executor/http/executor.go:293.16,294.43 1 0
github.com/AgentHub-Studio/agenthub-skill-runtime/internal/executor/http/executor.go:294.43,296.4 1 0
github.com/AgentHub-Studio/agenthub-skill-runtime/internal/executor/http/executor.go:296.9,298.4 1 0
github.com/AgentHub-Studio/agenthub-skill-runtime/internal/executor/http/executor.go:300.2,300.60 1 1
github.com/AgentHub-Studio/agenthub-skill-runtime/internal/executor/http/executor.go:306.121,308.16 2 3
github.com/AgentHub-Studio/agenthub-skill-runtime/internal/executor/http/executor.go:308.16,310.3 1 0
github.com/AgentHub-Studio/agenthub-skill-runtime/internal/executor/http/executor.go:311.2,311.84 1 3
github.com/AgentHub-Studio/agenthub-skill-runtime/internal/executor/http/executor.go:311.84,313.3 1 1
github.com/AgentHub-Studio/agenthub-skill-runtime/internal/executor/http/executor.go:315.2,315.40 1 2
github.com/AgentHub-Studio/agenthub-skill-runtime/internal/executor/http/executor.go:315.40,316.30 1 0
github.com/AgentHub-Studio/agenthub-skill-runtime/internal/executor/http/executor.go:316.30,318.4 1 0
github.com/AgentHub-Studio/agenthub-skill-runtime/internal/executor/http/executor.go:319.3,319.74 1 0
github.com/AgentHub-Studio/agenthub-skill-runtime/internal/executor/http/executor.go:322.2,323.16 2 2
github.com/AgentHub-Studio/agenthub-skill-runtime/internal/executor/http/executor.go:323.16,325.3 1 0
github.com/AgentHub-Studio/agenthub-skill-runtime/internal/executor/http/executor.go:326.2,326.25 1 2
github.com/AgentHub-Studio/agenthub-skill-runtime/internal/executor/http/executor.go:326.25,328.3 1 0
github.com/AgentHub-Studio/agenthub-skill-runtime/internal/executor/http/executor.go:329.2,329.37 1 2
github.com/AgentHub-Studio/agenthub-skill-runtime/internal/executor/http/executor.go:329.37,330.39 1 2
github.com/AgentHub-Studio/agenthub-skill-runtime/internal/executor/http/executor.go:330.39,332.4 1 1
github.com/AgentHub-Studio/agenthub-skill-runtime/internal/executor/http/executor.go:335.2,335.86 1 1
github.com/AgentHub-Studio/agenthub-skill-runtime/internal/executor/http/executor.go:338.42,340.2 1 2
github.com/AgentHub-Studio/agenthub-skill-runtime/internal/executor/http/executor.go:342.40,344.2 1 4
github.com/AgentHub-Studio/agenthub-skill-runtime/internal/executor/http/executor.go:346.48,347.16 1 22
github.com/AgentHub-Studio/agenthub-skill-runtime/internal/executor/http/executor.go:348.129,349.14 1 21
github.com/AgentHub-Studio/agenthub-skill-runtime/internal/executor/http/executor.go:350.10,351.15 1 1
github.com/AgentHub-Studio/agenthub-skill-runtime/internal/executor/http/executor.go:355.61,356.20 1 21
github.com/AgentHub-Studio/agenthub-skill-runtime/internal/executor/http/executor.go:356.20,358.3 1 17
github.com/AgentHub-Studio/agenthub-skill-runtime/internal/executor/http/executor.go:359.2,359.45 1 4
github.com/AgentHub-Studio/agenthub-skill-runtime/internal/executor/http/executor.go:359.45,361.3 1 1
github.com/AgentHub-Studio/agenthub-skill-runtime/internal/executor/http/executor.go:362.2,363.18 2 3
github.com/AgentHub-Studio/agenthub-skill-runtime/internal/executor/http/executor.go:364.33,365.23 1 2
github.com/AgentHub-Studio/agenthub-skill-runtime/internal/executor/http/executor.go:366.10,367.90 1 1
github.com/AgentHub-Studio/agenthub-skill-runtime/internal/executor/http/executor.go:371.50,373.16 2 19
github.com/AgentHub-Studio/agenthub-skill-runtime/internal/executor/http/executor.go:373.16,375.3 1 1
github.com/AgentHub-Studio/agenthub-skill-runtime/internal/executor/http/executor.go:377.2,377.73 1 18
github.com/AgentHub-Studio/agenthub-skill-runtime/internal/executor/http/executor.go:377.73,378.41 1 50
github.com/AgentHub-Studio/agenthub-skill-runtime/internal/executor/http/executor.go:378.41,380.4 1 2
github.com/AgentHub-Studio/agenthub-skill-runtime/internal/executor/http/executor.go:382.2,382.14 1 16
github.com/AgentHub-Studio/agenthub-skill-runtime/internal/executor/http/executor.go:385.48,387.25 2 51
github.com/AgentHub-Studio/agenthub-skill-runtime/internal/executor/http/executor.go:387.25,392.35 2 51
github.com/AgentHub-Studio/agenthub-skill-runtime/internal/executor/http/executor.go:392.35,394.4 1 2
github.com/AgentHub-Studio/agenthub-skill-runtime/internal/executor/http/executor.go:395.3,396.41 2 49
github.com/AgentHub-Studio/agenthub-skill-runtime/internal/executor/http/executor.go:396.41,397.9 1 49
github.com/AgentHub-Studio/agenthub-skill-runtime/internal/executor/http/executor.go:399.3,399.22 1 0
github.com/AgentHub-Studio/agenthub-skill-runtime/internal/executor/http/executor.go:401.2,401.14 1 49
github.com/AgentHub-Studio/agenthub-skill-runtime/internal/executor/http/executor.go:409.63,411.16 2 26
github.com/AgentHub-Studio/agenthub-skill-runtime/internal/executor/http/executor.go:411.16,413.3 1 0
github.com/AgentHub-Studio/agenthub-skill-runtime/internal/executor/http/executor.go:414.2,414.61 1 26
github.com/AgentHub-Studio/agenthub-skill-runtime/internal/executor/http/executor.go:414.61,416.3 1 3
github.com/AgentHub-Studio/agenthub-skill-runtime/internal/executor/http/executor.go:423.2,451.49 3 23
github.com/AgentHub-Studio/agenthub-skill-runtime/internal/executor/http/executor.go:451.49,453.3 1 0
github.com/AgentHub-Studio/agenthub-skill-runtime/internal/executor/http/executor.go:458.2,459.25 2 23
github.com/AgentHub-Studio/agenthub-skill-runtime/internal/executor/http/executor.go:459.25,461.3 1 21
github.com/AgentHub-Studio/agenthub-skill-runtime/internal/executor/http/executor.go:462.2,462.44 1 23
github.com/AgentHub-Studio/agenthub-skill-runtime/internal/executor/http/executor.go:462.44,465.25 2 0
github.com/AgentHub-Studio/agenthub-skill-runtime/internal/executor/http/executor.go:465.25,467.4 1 0
github.com/AgentHub-Studio/agenthub-skill-runtime/internal/executor/http/executor.go:469.2,470.20 2 23
github.com/AgentHub-Studio/agenthub-skill-runtime/internal/executor/http/executor.go:470.20,472.3 1 21
github.com/AgentHub-Studio/agenthub-skill-runtime/internal/executor/http/executor.go:473.2,474.21 2 23
github.com/AgentHub-Studio/agenthub-skill-runtime/internal/executor/http/executor.go:474.21,476.3 1 21
github.com/AgentHub-Studio/agenthub-skill-runtime/internal/executor/http/executor.go:477.2,478.29 2 23
github.com/AgentHub-Studio/agenthub-skill-runtime/internal/executor/http/executor.go:478.29,480.3 1 1
github.com/AgentHub-Studio/agenthub-skill-runtime/internal/executor/http/executor.go:480.8,480.38 1 22
github.com/AgentHub-Studio/agenthub-skill-runtime/internal/executor/http/executor.go:480.38,482.3 1 1
github.com/AgentHub-Studio/agenthub-skill-runtime/internal/executor/http/executor.go:484.2,502.52 2 23
github.com/AgentHub-Studio/agenthub-skill-runtime/internal/executor/http/executor.go:502.52,503.45 1 4
github.com/AgentHub-Studio/agenthub-skill-runtime/internal/executor/http/executor.go:503.45,505.4 1 0
github.com/AgentHub-Studio/agenthub-skill-runtime/internal/executor/http/executor.go:506.3,506.20 1 4
github.com/AgentHub-Studio/agenthub-skill-runtime/internal/executor/http/executor.go:506.20,509.50 2 4
github.com/AgentHub-Studio/agenthub-skill-runtime/internal/executor/http/executor.go:509.50,511.5 1 4
github.com/AgentHub-Studio/agenthub-skill-runtime/internal/executor/http/executor.go:514.3,515.49 2 0
github.com/AgentHub-Studio/agenthub-skill-runtime/internal/executor/http/executor.go:515.49,517.4 1 0
github.com/AgentHub-Studio/agenthub-skill-runtime/internal/executor/http/executor.go:518.3,518.21 1 0
github.com/AgentHub-Studio/agenthub-skill-runtime/internal/executor/http/executor.go:521.2,521.9 1 23
github.com/AgentHub-Studio/agenthub-skill-runtime/internal/executor/http/executor.go:522.67,523.51 1 2
github.com/AgentHub-Studio/agenthub-skill-runtime/internal/executor/http/executor.go:524.71,525.53 1 1
github.com/AgentHub-Studio/agenthub-skill-runtime/internal/executor/http/executor.go:526.51,527.43 1 1
github.com/AgentHub-Studio/agenthub-skill-runtime/internal/executor/http/executor.go:530.2,530.17 1 23
github.com/AgentHub-Studio/agenthub-skill-runtime/internal/executor/http/executor.go:536.64,537.91 1 26
github.com/AgentHub-Studio/agenthub-skill-runtime/internal/executor/http/executor.go:537.91,537.107 1 4
github.com/AgentHub-Studio/agenthub-skill-runtime/internal/executor/http/executor.go:537.121,539.3 1 1
github.com/AgentHub-Studio/agenthub-skill-runtime/internal/executor/http/executor.go:540.2,540.53 1 25
github.com/AgentHub-Studio/agenthub-skill-runtime/internal/executor/http/executor.go:540.53,542.3 1 2
github.com/AgentHub-Studio/agenthub-skill-runtime/internal/executor/http/executor.go:543.2,543.56 1 23
github.com/AgentHub-Studio/agenthub-skill-runtime/internal/executor/http/executor.go:543.56,545.3 1 0
github.com/AgentHub-Studio/agenthub-skill-runtime/internal/executor/http/executor.go:546.2,546.97 1 23
github.com/AgentHub-Studio/agenthub-skill-runtime/internal/executor/http/executor.go:546.97,548.3 1 0
github.com/AgentHub-Studio/agenthub-skill-runtime/internal/executor/http/executor.go:549.2,549.96 1 23
github.com/AgentHub-Studio/agenthub-skill-runtime/internal/executor/http/executor.go:549.96,549.112 1 2
github.com/AgentHub-Studio/agenthub-skill-runtime/internal/executor/http/executor.go:549.126,551.3 1 0
github.com/AgentHub-Studio/agenthub-skill-runtime/internal/executor/http/executor.go:552.2,552.91 1 23
github.com/AgentHub-Studio/agenthub-skill-runtime/internal/executor/http/executor.go:552.91,554.3 1 0
github.com/AgentHub-Studio/agenthub-skill-runtime/internal/executor/http/executor.go:555.2,555.12 1 23
github.com/AgentHub-Studio/agenthub-skill-runtime/internal/executor/http/executor.go:558.56,561.72 3 25
github.com/AgentHub-Studio/agenthub-skill-runtime/internal/executor/http/executor.go:561.72,563.26 2 74
github.com/AgentHub-Studio/agenthub-skill-runtime/internal/executor/http/executor.go:563.26,564.12 1 65
github.com/AgentHub-Studio/agenthub-skill-runtime/internal/executor/http/executor.go:566.3,567.17 2 9
github.com/AgentHub-Studio/agenthub-skill-runtime/internal/executor/http/executor.go:567.17,569.4 1 0
github.com/AgentHub-Studio/agenthub-skill-runtime/internal/executor/http/executor.go:570.3,570.58 1 9
github.com/AgentHub-Studio/agenthub-skill-runtime/internal/executor/http/executor.go:570.58,572.4 1 2
github.com/AgentHub-Studio/agenthub-skill-runtime/internal/executor/http/executor.go:573.3,574.23 2 7
github.com/AgentHub-Studio/agenthub-skill-runtime/internal/executor/http/executor.go:576.2,576.12 1 23
github.com/AgentHub-Studio/agenthub-skill-runtime/internal/executor/http/executor.go:579.59,581.16 2 9
github.com/AgentHub-Studio/agenthub-skill-runtime/internal/executor/http/executor.go:581.16,583.3 1 0
github.com/AgentHub-Studio/agenthub-skill-runtime/internal/executor/http/executor.go:584.2,584.35 1 9
github.com/AgentHub-Studio/agenthub-skill-runtime/internal/executor/http/executor.go:584.35,586.52 2 8
github.com/AgentHub-Studio/agenthub-skill-runtime/internal/executor/http/executor.go:586.52,588.4 1 8
github.com/AgentHub-Studio/agenthub-skill-runtime/internal/executor/http/executor.go:590.2,591.54 2 9
github.com/AgentHub-Studio/agenthub-skill-runtime/internal/executor/http/executor.go:591.54,593.3 1 0
github.com/AgentHub-Studio/agenthub-skill-runtime/internal/executor/http/executor.go:594.2,595.16 2 9
github.com/AgentHub-Studio/agenthub-skill-runtime/internal/executor/http/executor.go:595.16,597.3 1 0
github.com/AgentHub-Studio/agenthub-skill-runtime/internal/executor/http/executor.go:598.2,598.31 1 9
github.com/AgentHub-Studio/agenthub-skill-runtime/internal/executor/http/executor.go:601.59,608.57 3 23
github.com/AgentHub-Studio/agenthub-skill-runtime/internal/executor/http/executor.go:608.57,608.73 1 2
github.com/AgentHub-Studio/agenthub-skill-runtime/internal/executor/http/executor.go:609.58,609.74 1 1
github.com/AgentHub-Studio/agenthub-skill-runtime/internal/executor/http/executor.go:610.52,610.83 1 1
github.com/AgentHub-Studio/agenthub-skill-runtime/internal/executor/http/executor.go:611.4,613.10 2 69
github.com/AgentHub-Studio/agenthub-skill-runtime/internal/executor/http/executor.go:613.10,614.12 1 65
github.com/AgentHub-Studio/agenthub-skill-runtime/internal/executor/http/executor.go:616.3,617.49 2 4
github.com/AgentHub-Studio/agenthub-skill-runtime/internal/executor/http/executor.go:617.49,619.4 1 0
github.com/AgentHub-Studio/agenthub-skill-runtime/internal/executor/http/executor.go:620.3,621.29 2 4
github.com/AgentHub-Studio/agenthub-skill-runtime/internal/executor/http/executor.go:623.2,623.12 1 23
github.com/AgentHub-Studio/agenthub-skill-runtime/internal/executor/http/executor.go:626.50,627.31 1 69
github.com/AgentHub-Studio/agenthub-skill-runtime/internal/executor/http/executor.go:628.11,629.26 1 4
github.com/AgentHub-Studio/agenthub-skill-runtime/internal/executor/http/executor.go:630.13,631.31 1 0
github.com/AgentHub-Studio/agenthub-skill-runtime/internal/executor/http/executor.go:632.15,633.47 1 0
github.com/AgentHub-Studio/agenthub-skill-runtime/internal/executor/http/executor.go:633.47,635.4 1 0
github.com/AgentHub-Studio/agenthub-skill-runtime/internal/executor/http/executor.go:636.3,636.26 1 0
github.com/AgentHub-Studio/agenthub-skill-runtime/internal/executor/http/executor.go:637.19,639.49 2 0
github.com/AgentHub-Studio/agenthub-skill-runtime/internal/executor/http/executor.go:640.10,641.18 1 65
github.com/AgentHub-Studio/agenthub-skill-runtime/internal/executor/http/executor.go:645.116,648.58 3 72
github.com/AgentHub-Studio/agenthub-skill-runtime/internal/executor/http/executor.go:648.58,650.3 1 68
github.com/AgentHub-Studio/agenthub-skill-runtime/internal/executor/http/executor.go:651.2,651.42 1 4
github.com/AgentHub-Studio/agenthub-skill-runtime/internal/executor/http/executor.go:651.42,653.3 1 1
github.com/AgentHub-Studio/agenthub-skill-runtime/internal/executor/http/executor.go:654.2,654.12 1 3
github.com/AgentHub-Studio/agenthub-skill-runtime/internal/executor/http/executor.go:657.83,660.46 3 23
github.com/AgentHub-Studio/agenthub-skill-runtime/internal/executor/http/executor.go:660.46,662.3 1 23
github.com/AgentHub-Studio/agenthub-skill-runtime/internal/executor/http/executor.go:663.2,663.54 1 0
github.com/AgentHub-Studio/agenthub-skill-runtime/internal/executor/http/executor.go:666.60,668.2 1 3
github.com/AgentHub-Studio/agenthub-skill-runtime/internal/executor/http/executor.go:679.63,681.26 2 6
github.com/AgentHub-Studio/agenthub-skill-runtime/internal/executor/http/executor.go:681.26,692.3 2 3
github.com/AgentHub-Studio/agenthub-skill-runtime/internal/executor/http/executor.go:693.2,693.52 1 6
github.com/AgentHub-Studio/agenthub-skill-runtime/internal/executor/http/executor.go:709.122,710.21 1 27
github.com/AgentHub-Studio/agenthub-skill-runtime/internal/executor/http/executor.go:710.21,712.3 1 12
github.com/AgentHub-Studio/agenthub-skill-runtime/internal/executor/http/executor.go:714.2,715.23 2 15
github.com/AgentHub-Studio/agenthub-skill-runtime/internal/executor/http/executor.go:715.23,719.52 1 28
github.com/AgentHub-Studio/agenthub-skill-runtime/internal/executor/http/executor.go:719.52,721.4 1 14
github.com/AgentHub-Studio/agenthub-skill-runtime/internal/executor/http/executor.go:725.2,726.26 2 15
github.com/AgentHub-Studio/agenthub-skill-runtime/internal/executor/http/executor.go:726.26,727.14 1 28
github.com/AgentHub-Studio/agenthub-skill-runtime/internal/executor/http/executor.go:727.14,728.12 1 14
github.com/AgentHub-Studio/agenthub-skill-runtime/internal/executor/http/executor.go:730.3,730.44 1 14
github.com/AgentHub-Studio/agenthub-skill-runtime/internal/executor/http/executor.go:730.44,731.12 1 1
github.com/AgentHub-Studio/agenthub-skill-runtime/internal/executor/http/executor.go:733.3,733.34 1 13
github.com/AgentHub-Studio/agenthub-skill-runtime/internal/executor/http/executor.go:735.2,735.18 1 15
github.com/AgentHub-Studio/agenthub-skill-runtime/internal/executor/http/executor.go:735.18,737.3 1 3
github.com/AgentHub-Studio/agenthub-skill-runtime/internal/executor/http/executor.go:738.2,739.40 2 12
github.com/AgentHub-Studio/agenthub-skill-runtime/internal/executor/http/executor.go:739.40,741.3 1 1
github.com/AgentHub-Studio/agenthub-skill-runtime/internal/executor/http/executor.go:742.2,742.40 1 12
github.com/AgentHub-Studio/agenthub-skill-runtime/internal/executor/http/executor.go:750.61,752.40 2 32
github.com/AgentHub-Studio/agenthub-skill-runtime/internal/executor/http/executor.go:752.40,754.3 1 26
github.com/AgentHub-Studio/agenthub-skill-runtime/internal/executor/http/executor.go:755.2,758.53 2 6
github.com/AgentHub-Studio/agenthub-skill-runtime/internal/executor/http/executor.go:758.53,760.3 1 2
github.com/AgentHub-Studio/agenthub-skill-runtime/internal/executor/http/executor.go:761.2,761.33 1 4
github.com/AgentHub-Studio/agenthub-skill-runtime/internal/executor/http/executor.go:761.33,763.3 1 3
github.com/AgentHub-Studio/agenthub-skill-runtime/internal/executor/http/executor.go:764.2,765.35 2 1
github.com/AgentHub-Studio/agenthub-skill-runtime/internal/executor/http/executor.go:765.35,767.3 1 2
github.com/AgentHub-Studio/agenthub-skill-runtime/internal/executor/http/executor.go:768.2,768.13 1 1
github.com/AgentHub-Studio/agenthub-skill-runtime/internal/executor/http/executor.go:775.66,777.26 2 19
github.com/AgentHub-Studio/agenthub-skill-runtime/internal/executor/http/executor.go:777.26,785.3 2 6
github.com/AgentHub-Studio/agenthub-skill-runtime/internal/executor/http/executor.go:786.2,786.52 1 19
github.com/AgentHub-Studio/agenthub-skill-runtime/internal/executor/http/ssrf.go:14.13,25.29 2 1
github.com/AgentHub-Studio/agenthub-skill-runtime/internal/executor/http/ssrf.go:25.29,27.21 2 8
github.com/AgentHub-Studio/agenthub-skill-runtime/internal/executor/http/ssrf.go:27.21,29.4 1 8
github.com/AgentHub-Studio/agenthub-skill-runtime/internal/executor/http/ssrf.go:34.34,35.36 1 12
github.com/AgentHub-Studio/agenthub-skill-runtime/internal/executor/http/ssrf.go:35.36,36.24 1 56
github.com/AgentHub-Studio/agenthub-skill-runtime/internal/executor/http/ssrf.go:36.24,38.4 1 11
github.com/AgentHub-Studio/agenthub-skill-runtime/internal/executor/http/ssrf.go:40.2,40.14 1 1
github.com/AgentHub-Studio/agenthub-skill-runtime/internal/executor/http/ssrf.go:46.42,48.2 1 2
github.com/AgentHub-Studio/agenthub-skill-runtime/internal/executor/http/ssrf.go:54.39,56.16 2 17
github.com/AgentHub-Studio/agenthub-skill-runtime/internal/executor/http/ssrf.go:56.16,58.3 1 0
github.com/AgentHub-Studio/agenthub-skill-runtime/internal/executor/http/ssrf.go:59.2,60.43 2 17
github.com/AgentHub-Studio/agenthub-skill-runtime/internal/executor/http/ssrf.go:60.43,62.3 1 3
github.com/AgentHub-Studio/agenthub-skill-runtime/internal/executor/http/ssrf.go:63.2,63.18 1 14
github.com/AgentHub-Studio/agenthub-skill-runtime/internal/executor/http/ssrf.go:63.18,65.3 1 1
github.com/AgentHub-Studio/agenthub-skill-runtime/internal/executor/http/ssrf.go:67.2,71.45 2 13
github.com/AgentHub-Studio/agenthub-skill-runtime/internal/executor/http/ssrf.go:71.45,73.3 1 2
github.com/AgentHub-Studio/agenthub-skill-runtime/internal/executor/http/ssrf.go:76.2,76.40 1 11
github.com/AgentHub-Studio/agenthub-skill-runtime/internal/executor/http/ssrf.go:76.40,77.22 1 10
github.com/AgentHub-Studio/agenthub-skill-runtime/internal/executor/http/ssrf.go:77.22,79.4 1 10
github.com/AgentHub-Studio/agenthub-skill-runtime/internal/executor/http/ssrf.go:80.3,80.13 1 0
github.com/AgentHub-Studio/agenthub-skill-runtime/internal/executor/http/ssrf.go:83.2,83.12 1 1
github.com/AgentHub-Studio/agenthub-skill-runtime/internal/middleware/auth.go:62.85,67.46 4 0
github.com/AgentHub-Studio/agenthub-skill-runtime/internal/middleware/auth.go:67.46,69.3 1 0
github.com/AgentHub-Studio/agenthub-skill-runtime/internal/middleware/auth.go:71.2,72.16 2 0
github.com/AgentHub-Studio/agenthub-skill-runtime/internal/middleware/auth.go:72.16,74.3 1 0
github.com/AgentHub-Studio/agenthub-skill-runtime/internal/middleware/auth.go:76.2,80.16 4 0
github.com/AgentHub-Studio/agenthub-skill-runtime/internal/middleware/auth.go:80.16,82.3 1 0
github.com/AgentHub-Studio/agenthub-skill-runtime/internal/middleware/auth.go:84.2,85.16 2 0
github.com/AgentHub-Studio/agenthub-skill-runtime/internal/middleware/auth.go:85.16,87.3 1 0
github.com/AgentHub-Studio/agenthub-skill-runtime/internal/middleware/auth.go:88.2,88.15 1 0
github.com/AgentHub-Studio/agenthub-skill-runtime/internal/middleware/auth.go:88.15,88.40 1 0
github.com/AgentHub-Studio/agenthub-skill-runtime/internal/middleware/auth.go:90.2,90.38 1 0
github.com/AgentHub-Studio/agenthub-skill-runtime/internal/middleware/auth.go:90.38,92.3 1 0
github.com/AgentHub-Studio/agenthub-skill-runtime/internal/middleware/auth.go:94.2,95.65 2 0
github.com/AgentHub-Studio/agenthub-skill-runtime/internal/middleware/auth.go:95.65,97.3 1 0
github.com/AgentHub-Studio/agenthub-skill-runtime/internal/middleware/auth.go:99.2,100.30 2 0
github.com/AgentHub-Studio/agenthub-skill-runtime/internal/middleware/auth.go:100.30,101.39 1 0
github.com/AgentHub-Studio/agenthub-skill-runtime/internal/middleware/auth.go:101.39,102.12 1 0
github.com/AgentHub-Studio/agenthub-skill-runtime/internal/middleware/auth.go:104.3,105.17 2 0
github.com/AgentHub-Studio/agenthub-skill-runtime/internal/middleware/auth.go:105.17,106.12 1 0
github.com/AgentHub-Studio/agenthub-skill-runtime/internal/middleware/auth.go:108.3,108.20 1 0
github.com/AgentHub-Studio/agenthub-skill-runtime/internal/middleware/auth.go:111.2,115.18 4 0
github.com/AgentHub-Studio/agenthub-skill-runtime/internal/middleware/auth.go:118.71,119.46 1 8
github.com/AgentHub-Studio/agenthub-skill-runtime/internal/middleware/auth.go:119.46,121.3 1 1
github.com/AgentHub-Studio/agenthub-skill-runtime/internal/middleware/auth.go:122.2,122.56 1 7
github.com/AgentHub-Studio/agenthub-skill-runtime/internal/middleware/auth.go:122.56,124.3 1 1
github.com/AgentHub-Studio/agenthub-skill-runtime/internal/middleware/auth.go:125.2,125.39 1 6
github.com/AgentHub-Studio/agenthub-skill-runtime/internal/middleware/auth.go:125.39,127.3 1 0
github.com/AgentHub-Studio/agenthub-skill-runtime/internal/middleware/auth.go:128.2,128.49 1 6
github.com/AgentHub-Studio/agenthub-skill-runtime/internal/middleware/auth.go:128.49,130.3 1 1
github.com/AgentHub-Studio/agenthub-skill-runtime/internal/middleware/auth.go:132.2,133.16 2 5
github.com/AgentHub-Studio/agenthub-skill-runtime/internal/middleware/auth.go:133.16,135.3 1 0
github.com/AgentHub-Studio/agenthub-skill-runtime/internal/middleware/auth.go:136.2,136.42 1 5
github.com/AgentHub-Studio/agenthub-skill-runtime/internal/middleware/auth.go:136.42,138.3 1 1
github.com/AgentHub-Studio/agenthub-skill-runtime/internal/middleware/auth.go:139.2,139.23 1 4
github.com/AgentHub-Studio/agenthub-skill-runtime/internal/middleware/auth.go:140.23,140.23 0 3
github.com/AgentHub-Studio/agenthub-skill-runtime/internal/middleware/auth.go:141.10,142.92 1 1
github.com/AgentHub-Studio/agenthub-skill-runtime/internal/middleware/auth.go:144.2,144.24 1 3
github.com/AgentHub-Studio/agenthub-skill-runtime/internal/middleware/auth.go:144.24,146.3 1 1
github.com/AgentHub-Studio/agenthub-skill-runtime/internal/middleware/auth.go:147.2,147.52 1 2
github.com/AgentHub-Studio/agenthub-skill-runtime/internal/middleware/auth.go:147.52,149.3 1 1
github.com/AgentHub-Studio/agenthub-skill-runtime/internal/middleware/auth.go:151.2,158.20 8 1
github.com/AgentHub-Studio/agenthub-skill-runtime/internal/middleware/auth.go:162.67,164.16 2 0
github.com/AgentHub-Studio/agenthub-skill-runtime/internal/middleware/auth.go:164.16,166.3 1 0
github.com/AgentHub-Studio/agenthub-skill-runtime/internal/middleware/auth.go:167.2,168.16 2 0
github.com/AgentHub-Studio/agenthub-skill-runtime/internal/middleware/auth.go:168.16,170.3 1 0
github.com/AgentHub-Studio/agenthub-skill-runtime/internal/middleware/auth.go:172.2,175.56 3 0
github.com/AgentHub-Studio/agenthub-skill-runtime/internal/middleware/auth.go:180.53,182.16 2 0
github.com/AgentHub-Studio/agenthub-skill-runtime/internal/middleware/auth.go:182.16,184.3 1 0
github.com/AgentHub-Studio/agenthub-skill-runtime/internal/middleware/auth.go:185.2,185.18 1 0
github.com/AgentHub-Studio/agenthub-skill-runtime/internal/middleware/auth.go:190.67,191.46 1 3
github.com/AgentHub-Studio/agenthub-skill-runtime/internal/middleware/auth.go:191.46,192.72 1 3
github.com/AgentHub-Studio/agenthub-skill-runtime/internal/middleware/auth.go:192.72,194.69 2 3
github.com/AgentHub-Studio/agenthub-skill-runtime/internal/middleware/auth.go:194.69,197.5 2 2
github.com/AgentHub-Studio/agenthub-skill-runtime/internal/middleware/auth.go:198.4,202.18 3 1
github.com/AgentHub-Studio/agenthub-skill-runtime/internal/middleware/auth.go:202.18,205.5 2 1
github.com/AgentHub-Studio/agenthub-skill-runtime/internal/middleware/auth.go:207.4,208.11 2 0
github.com/AgentHub-Studio/agenthub-skill-runtime/internal/middleware/auth.go:208.11,211.5 2 0
github.com/AgentHub-Studio/agenthub-skill-runtime/internal/middleware/auth.go:213.4,215.18 3 0
github.com/AgentHub-Studio/agenthub-skill-runtime/internal/middleware/auth.go:215.18,218.5 2 0
github.com/AgentHub-Studio/agenthub-skill-runtime/internal/middleware/auth.go:220.4,221.18 2 0
github.com/AgentHub-Studio/agenthub-skill-runtime/internal/middleware/auth.go:221.18,224.5 2 0
github.com/AgentHub-Studio/agenthub-skill-runtime/internal/middleware/auth.go:227.4,227.70 1 0
github.com/AgentHub-Studio/agenthub-skill-runtime/internal/middleware/auth.go:227.70,228.55 1 0
github.com/AgentHub-Studio/agenthub-skill-runtime/internal/middleware/auth.go:228.55,230.6 1 0
github.com/AgentHub-Studio/agenthub-skill-runtime/internal/middleware/auth.go:231.5,232.18 2 0
github.com/AgentHub-Studio/agenthub-skill-runtime/internal/middleware/auth.go:232.18,234.29 1 0
github.com/AgentHub-Studio/agenthub-skill-runtime/internal/middleware/auth.go:234.29,236.7 1 0
github.com/AgentHub-Studio/agenthub-skill-runtime/internal/middleware/auth.go:237.6,237.55 1 0
github.com/AgentHub-Studio/agenthub-skill-runtime/internal/middleware/auth.go:239.5,240.12 2 0
github.com/AgentHub-Studio/agenthub-skill-runtime/internal/middleware/auth.go:240.12,242.6 1 0
github.com/AgentHub-Studio/agenthub-skill-runtime/internal/middleware/auth.go:243.5,243.18 1 0
github.com/AgentHub-Studio/agenthub-skill-runtime/internal/middleware/auth.go:246.4,246.34 1 0
github.com/AgentHub-Studio/agenthub-skill-runtime/internal/middleware/auth.go:246.34,249.5 2 0
github.com/AgentHub-Studio/agenthub-skill-runtime/internal/middleware/auth.go:251.4,254.41 4 0
github.com/AgentHub-Studio/agenthub-skill-runtime/internal/middleware/auth.go:260.54,263.2 2 1
github.com/AgentHub-Studio/agenthub-skill-runtime/internal/middleware/auth.go:266.56,269.2 2 0
github.com/AgentHub-Studio/agenthub-skill-runtime/internal/middleware/auth.go:272.54,275.2 2 0
github.com/AgentHub-Studio/agenthub-skill-runtime/internal/middleware/auth.go:277.59,281.2 3 3
github.com/AgentHub-Studio/agenthub-skill-runtime/internal/middleware/chain.go:14.63,19.2 1 0
github.com/AgentHub-Studio/agenthub-skill-runtime/internal/middleware/chain.go:24.63,26.2 1 0
github.com/AgentHub-Studio/agenthub-skill-runtime/internal/middleware/chain.go:30.60,36.2 1 0
github.com/AgentHub-Studio/agenthub-skill-runtime/internal/middleware/chain.go:40.63,44.2 1 0
github.com/AgentHub-Studio/agenthub-skill-runtime/internal/middleware/cors.go:9.68,12.35 3 3
github.com/AgentHub-Studio/agenthub-skill-runtime/internal/middleware/cors.go:12.35,13.15 1 3
github.com/AgentHub-Studio/agenthub-skill-runtime/internal/middleware/cors.go:13.15,15.9 2 2
github.com/AgentHub-Studio/agenthub-skill-runtime/internal/middleware/cors.go:17.3,17.42 1 1
github.com/AgentHub-Studio/agenthub-skill-runtime/internal/middleware/cors.go:20.2,20.46 1 3
github.com/AgentHub-Studio/agenthub-skill-runtime/internal/middleware/cors.go:20.46,21.72 1 3
github.com/AgentHub-Studio/agenthub-skill-runtime/internal/middleware/cors.go:21.72,23.56 2 3
github.com/AgentHub-Studio/agenthub-skill-runtime/internal/middleware/cors.go:23.56,28.5 4 2
github.com/AgentHub-Studio/agenthub-skill-runtime/internal/middleware/cors.go:29.4,29.38 1 3
github.com/AgentHub-Studio/agenthub-skill-runtime/internal/middleware/cors.go:29.38,32.5 2 1
github.com/AgentHub-Studio/agenthub-skill-runtime/internal/middleware/cors.go:33.4,33.24 1 2
github.com/AgentHub-Studio/agenthub-skill-runtime/internal/middleware/logger.go:10.45,11.71 1 0
github.com/AgentHub-Studio/agenthub-skill-runtime/internal/middleware/logger.go:11.71,24.3 4 0
github.com/AgentHub-Studio/agenthub-skill-runtime/internal/middleware/logger.go:32.47,35.2 2 0
github.com/AgentHub-Studio/agenthub-skill-runtime/internal/middleware/recovery.go:11.47,12.71 1 2
github.com/AgentHub-Studio/agenthub-skill-runtime/internal/middleware/recovery.go:12.71,13.16 1 2
github.com/AgentHub-Studio/agenthub-skill-runtime/internal/middleware/recovery.go:13.16,14.36 1 2
github.com/AgentHub-Studio/agenthub-skill-runtime/internal/middleware/recovery.go:14.36,22.5 4 1
github.com/AgentHub-Studio/agenthub-skill-runtime/internal/middleware/recovery.go:24.3,24.23 1 2
github.com/AgentHub-Studio/agenthub-skill-runtime/internal/middleware/requestid.go:15.48,16.71 1 2
github.com/AgentHub-Studio/agenthub-skill-runtime/internal/middleware/requestid.go:16.71,18.15 2 2
github.com/AgentHub-Studio/agenthub-skill-runtime/internal/middleware/requestid.go:18.15,20.4 1 1
github.com/AgentHub-Studio/agenthub-skill-runtime/internal/middleware/requestid.go:21.3,23.40 3 2
github.com/AgentHub-Studio/agenthub-skill-runtime/internal/middleware/requestid.go:28.55,31.2 2 2
github.com/AgentHub-Studio/agenthub-skill-runtime/internal/executor/sql/executor.go:34.62,41.2 2 8
github.com/AgentHub-Studio/agenthub-skill-runtime/internal/executor/sql/executor.go:44.48,44.64 1 1
github.com/AgentHub-Studio/agenthub-skill-runtime/internal/executor/sql/executor.go:65.126,67.16 2 7
github.com/AgentHub-Studio/agenthub-skill-runtime/internal/executor/sql/executor.go:67.16,69.3 1 1
github.com/AgentHub-Studio/agenthub-skill-runtime/internal/executor/sql/executor.go:71.2,71.28 1 6
github.com/AgentHub-Studio/agenthub-skill-runtime/internal/executor/sql/executor.go:71.28,73.3 1 3
github.com/AgentHub-Studio/agenthub-skill-runtime/internal/executor/sql/executor.go:74.2,74.21 1 3
github.com/AgentHub-Studio/agenthub-skill-runtime/internal/executor/sql/executor.go:74.21,76.3 1 3
github.com/AgentHub-Studio/agenthub-skill-runtime/internal/executor/sql/executor.go:78.2,79.18 2 0
github.com/AgentHub-Studio/agenthub-skill-runtime/internal/executor/sql/executor.go:79.18,81.3 1 0
github.com/AgentHub-Studio/agenthub-skill-runtime/internal/executor/sql/executor.go:83.2,84.16 2 0
github.com/AgentHub-Studio/agenthub-skill-runtime/internal/executor/sql/executor.go:84.16,86.3 1 0
github.com/AgentHub-Studio/agenthub-skill-runtime/internal/executor/sql/executor.go:88.2,88.47 1 0
github.com/AgentHub-Studio/agenthub-skill-runtime/internal/executor/sql/executor.go:88.47,90.3 1 0
github.com/AgentHub-Studio/agenthub-skill-runtime/internal/executor/sql/executor.go:92.2,94.16 3 0
github.com/AgentHub-Studio/agenthub-skill-runtime/internal/executor/sql/executor.go:94.16,96.3 1 0
github.com/AgentHub-Studio/agenthub-skill-runtime/internal/executor/sql/executor.go:97.2,98.16 2 0
github.com/AgentHub-Studio/agenthub-skill-runtime/internal/executor/sql/executor.go:98.16,100.3 1 0
github.com/AgentHub-Studio/agenthub-skill-runtime/internal/executor/sql/executor.go:104.2,105.48 2 0
github.com/AgentHub-Studio/agenthub-skill-runtime/internal/executor/sql/executor.go:105.48,107.3 1 0
github.com/AgentHub-Studio/agenthub-skill-runtime/internal/executor/sql/executor.go:108.2,110.16 3 0
github.com/AgentHub-Studio/agenthub-skill-runtime/internal/executor/sql/executor.go:110.16,112.3 1 0
github.com/AgentHub-Studio/agenthub-skill-runtime/internal/executor/sql/executor.go:113.2,113.15 1 0
github.com/AgentHub-Studio/agenthub-skill-runtime/internal/executor/sql/executor.go:113.15,114.58 1 0
github.com/AgentHub-Studio/agenthub-skill-runtime/internal/executor/sql/executor.go:114.58,116.4 1 0
github.com/AgentHub-Studio/agenthub-skill-runtime/internal/executor/sql/executor.go:119.2,120.16 2 0
github.com/AgentHub-Studio/agenthub-skill-runtime/internal/executor/sql/executor.go:120.16,122.3 1 0
github.com/AgentHub-Studio/agenthub-skill-runtime/internal/executor/sql/executor.go:124.2,125.46 2 0
github.com/AgentHub-Studio/agenthub-skill-runtime/internal/executor/sql/executor.go:125.46,127.17 2 0
github.com/AgentHub-Studio/agenthub-skill-runtime/internal/executor/sql/executor.go:127.17,129.4 1 0
github.com/AgentHub-Studio/agenthub-skill-runtime/internal/executor/sql/executor.go:130.3,133.17 3 0
github.com/AgentHub-Studio/agenthub-skill-runtime/internal/executor/sql/executor.go:133.17,135.4 1 0
github.com/AgentHub-Studio/agenthub-skill-runtime/internal/executor/sql/executor.go:137.3,137.72 1 0
github.com/AgentHub-Studio/agenthub-skill-runtime/internal/executor/sql/executor.go:141.2,142.16 2 0
github.com/AgentHub-Studio/agenthub-skill-runtime/internal/executor/sql/executor.go:142.16,144.3 1 0
github.com/AgentHub-Studio/agenthub-skill-runtime/internal/executor/sql/executor.go:146.2,146.90 1 0
github.com/AgentHub-Studio/agenthub-skill-runtime/internal/executor/sql/executor.go:150.122,159.105 5 0
github.com/AgentHub-Studio/agenthub-skill-runtime/internal/executor/sql/executor.go:159.105,161.3 1 0
github.com/AgentHub-Studio/agenthub-skill-runtime/internal/executor/sql/executor.go:162.2,162.17 1 0
github.com/AgentHub-Studio/agenthub-skill-runtime/internal/executor/sql/executor.go:165.49,173.2 2 1
github.com/AgentHub-Studio/agenthub-skill-runtime/internal/executor/sql/executor.go:178.99,179.40 1 2
github.com/AgentHub-Studio/agenthub-skill-runtime/internal/executor/sql/executor.go:179.40,180.32 1 0
github.com/AgentHub-Studio/agenthub-skill-runtime/internal/executor/sql/executor.go:180.32,182.4 1 0
github.com/AgentHub-Studio/agenthub-skill-runtime/internal/executor/sql/executor.go:183.3,183.26 1 0
github.com/AgentHub-Studio/agenthub-skill-runtime/internal/executor/sql/executor.go:186.2,187.16 2 2
github.com/AgentHub-Studio/agenthub-skill-runtime/internal/executor/sql/executor.go:187.16,189.3 1 0
github.com/AgentHub-Studio/agenthub-skill-runtime/internal/executor/sql/executor.go:190.2,190.25 1 2
github.com/AgentHub-Studio/agenthub-skill-runtime/internal/executor/sql/executor.go:190.25,192.3 1 0
github.com/AgentHub-Studio/agenthub-skill-runtime/internal/executor/sql/executor.go:194.2,194.36 1 2
github.com/AgentHub-Studio/agenthub-skill-runtime/internal/executor/sql/executor.go:194.36,195.40 1 2
github.com/AgentHub-Studio/agenthub-skill-runtime/internal/executor/sql/executor.go:195.40,197.4 1 1
github.com/AgentHub-Studio/agenthub-skill-runtime/internal/executor/sql/executor.go:200.2,200.38 1 1
github.com/AgentHub-Studio/agenthub-skill-runtime/internal/executor/sql/executor.go:203.44,205.2 1 2
github.com/AgentHub-Studio/agenthub-skill-runtime/internal/executor/sql/executor.go:208.72,212.18 3 0
github.com/AgentHub-Studio/agenthub-skill-runtime/internal/executor/sql/executor.go:212.18,213.29 1 0
github.com/AgentHub-Studio/agenthub-skill-runtime/internal/executor/sql/executor.go:213.29,214.9 1 0
github.com/AgentHub-Studio/agenthub-skill-runtime/internal/executor/sql/executor.go:216.3,217.17 2 0
github.com/AgentHub-Studio/agenthub-skill-runtime/internal/executor/sql/executor.go:217.17,219.4 1 0
github.com/AgentHub-Studio/agenthub-skill-runtime/internal/executor/sql/executor.go:220.3,221.29 2 0
github.com/AgentHub-Studio/agenthub-skill-runtime/internal/executor/sql/executor.go:221.29,223.4 1 0
github.com/AgentHub-Studio/agenthub-skill-runtime/internal/executor/sql/executor.go:224.3,224.31 1 0
github.com/AgentHub-Studio/agenthub-skill-runtime/internal/executor/sql/executor.go:226.2,226.27 1 0
github.com/AgentHub-Studio/agenthub-skill-runtime/internal/executor/sql/executor.go:230.61,231.63 1 7
github.com/AgentHub-Studio/agenthub-skill-runtime/internal/executor/sql/executor.go:231.63,233.3 1 1
github.com/AgentHub-Studio/agenthub-skill-runtime/internal/executor/sql/executor.go:234.2,235.30 2 6
github.com/AgentHub-Studio/agenthub-skill-runtime/internal/executor/sql/executor.go:235.30,237.3 1 6
github.com/AgentHub-Studio/agenthub-skill-runtime/internal/executor/sql/executor.go:238.2,238.55 1 6
github.com/AgentHub-Studio/agenthub-skill-runtime/internal/executor/sql/executor.go:238.55,239.58 1 3
github.com/AgentHub-Studio/agenthub-skill-runtime/internal/executor/sql/executor.go:239.58,241.4 1 0
github.com/AgentHub-Studio/agenthub-skill-runtime/internal/executor/sql/executor.go:244.2,245.16 2 6
github.com/AgentHub-Studio/agenthub-skill-runtime/internal/executor/sql/executor.go:245.16,247.3 1 0
github.com/AgentHub-Studio/agenthub-skill-runtime/internal/executor/sql/executor.go:248.2,249.51 2 6
github.com/AgentHub-Studio/agenthub-skill-runtime/internal/executor/sql/executor.go:249.51,251.3 1 0
github.com/AgentHub-Studio/agenthub-skill-runtime/internal/executor/sql/executor.go:252.2,252.18 1 6
github.com/AgentHub-Studio/agenthub-skill-runtime/internal/executor/sql/executor.go:255.66,258.28 3 7
github.com/AgentHub-Studio/agenthub-skill-runtime/internal/executor/sql/executor.go:258.28,260.3 1 5
github.com/AgentHub-Studio/agenthub-skill-runtime/internal/executor/sql/executor.go:261.2,263.26 3 2
github.com/AgentHub-Studio/agenthub-skill-runtime/internal/executor/sql/executor.go:263.26,265.3 1 0
github.com/AgentHub-Studio/agenthub-skill-runtime/internal/executor/sql/executor.go:266.2,268.66 3 2
github.com/AgentHub-Studio/agenthub-skill-runtime/internal/executor/sql/executor.go:268.66,270.3 1 1
github.com/AgentHub-Studio/agenthub-skill-runtime/internal/executor/sql/executor.go:271.2,271.62 1 1
github.com/AgentHub-Studio/agenthub-skill-runtime/internal/executor/sql/executor.go:271.62,273.3 1 0
github.com/AgentHub-Studio/agenthub-skill-runtime/internal/executor/sql/executor.go:274.2,274.46 1 1
github.com/AgentHub-Studio/agenthub-skill-runtime/internal/executor/sql/executor.go:277.50,279.2 1 1
github.com/AgentHub-Studio/agenthub-skill-runtime/internal/executor/sql/executor.go:288.79,292.29 4 9
github.com/AgentHub-Studio/agenthub-skill-runtime/internal/executor/sql/executor.go:292.29,295.42 3 8
github.com/AgentHub-Studio/agenthub-skill-runtime/internal/executor/sql/executor.go:295.42,296.26 1 10
github.com/AgentHub-Studio/agenthub-skill-runtime/internal/executor/sql/executor.go:296.26,298.5 1 0
github.com/AgentHub-Studio/agenthub-skill-runtime/internal/executor/sql/executor.go:299.4,300.11 2 10
github.com/AgentHub-Studio/agenthub-skill-runtime/internal/executor/sql/executor.go:300.11,302.5 1 1
github.com/AgentHub-Studio/agenthub-skill-runtime/internal/executor/sql/executor.go:303.4,303.27 1 9
github.com/AgentHub-Studio/agenthub-skill-runtime/internal/executor/sql/executor.go:305.3,305.37 1 7
github.com/AgentHub-Studio/agenthub-skill-runtime/internal/executor/sql/executor.go:308.2,310.28 3 8
github.com/AgentHub-Studio/agenthub-skill-runtime/internal/executor/sql/executor.go:314.77,316.16 2 3
github.com/AgentHub-Studio/agenthub-skill-runtime/internal/executor/sql/executor.go:316.16,318.3 1 0
github.com/AgentHub-Studio/agenthub-skill-runtime/internal/executor/sql/executor.go:319.2,319.23 1 3
github.com/AgentHub-Studio/agenthub-skill-runtime/internal/executor/sql/executor.go:322.99,326.86 3 8
github.com/AgentHub-Studio/agenthub-skill-runtime/internal/executor/sql/executor.go:326.86,328.22 2 6
github.com/AgentHub-Studio/agenthub-skill-runtime/internal/executor/sql/executor.go:328.22,330.4 1 0
github.com/AgentHub-Studio/agenthub-skill-runtime/internal/executor/sql/executor.go:331.3,333.39 3 6
github.com/AgentHub-Studio/agenthub-skill-runtime/internal/executor/sql/executor.go:336.2,336.23 1 8
github.com/AgentHub-Studio/agenthub-skill-runtime/internal/executor/sql/executor.go:339.49,341.68 2 9
github.com/AgentHub-Studio/agenthub-skill-runtime/internal/executor/sql/executor.go:341.68,342.22 1 10
github.com/AgentHub-Studio/agenthub-skill-runtime/internal/executor/sql/executor.go:342.22,343.12 1 0
github.com/AgentHub-Studio/agenthub-skill-runtime/internal/executor/sql/executor.go:345.3,346.17 2 10
github.com/AgentHub-Studio/agenthub-skill-runtime/internal/executor/sql/executor.go:346.17,348.4 1 10
github.com/AgentHub-Studio/agenthub-skill-runtime/internal/executor/sql/executor.go:350.2,350.16 1 9
github.com/AgentHub-Studio/agenthub-skill-runtime/internal/executor/sql/executor.go:353.41,355.68 2 10
github.com/AgentHub-Studio/agenthub-skill-runtime/internal/executor/sql/executor.go:355.68,356.22 1 13
github.com/AgentHub-Studio/agenthub-skill-runtime/internal/executor/sql/executor.go:356.22,357.12 1 0
github.com/AgentHub-Studio/agenthub-skill-runtime/internal/executor/sql/executor.go:359.3,360.28 2 13
github.com/AgentHub-Studio/agenthub-skill-runtime/internal/executor/sql/executor.go:360.28,362.4 1 12
github.com/AgentHub-Studio/agenthub-skill-runtime/internal/executor/sql/executor.go:364.2,364.12 1 10
github.com/AgentHub-Studio/agenthub-skill-runtime/internal/executor/sql/executor.go:367.67,368.18 1 10
github.com/AgentHub-Studio/agenthub-skill-runtime/internal/executor/sql/executor.go:368.18,370.3 1 0
github.com/AgentHub-Studio/agenthub-skill-runtime/internal/executor/sql/executor.go:371.2,371.52 1 10
github.com/AgentHub-Studio/agenthub-skill-runtime/internal/executor/sql/executor.go:371.52,373.3 1 5
github.com/AgentHub-Studio/agenthub-skill-runtime/internal/executor/sql/executor.go:374.2,374.53 1 5
github.com/AgentHub-Studio/agenthub-skill-runtime/internal/executor/sql/executor.go:374.53,375.34 1 6
github.com/AgentHub-Studio/agenthub-skill-runtime/internal/executor/sql/executor.go:375.34,376.67 1 4
github.com/AgentHub-Studio/agenthub-skill-runtime/internal/executor/sql/executor.go:376.67,378.5 1 4
github.com/AgentHub-Studio/agenthub-skill-runtime/internal/executor/sql/executor.go:381.2,381.19 1 1
github.com/AgentHub-Studio/agenthub-skill-runtime/internal/executor/sql/executor.go:384.58,385.31 1 4
github.com/AgentHub-Studio/agenthub-skill-runtime/internal/executor/sql/executor.go:386.13,387.31 1 2
github.com/AgentHub-Studio/agenthub-skill-runtime/internal/executor/sql/executor.go:387.31,389.4 1 2
github.com/AgentHub-Studio/agenthub-skill-runtime/internal/executor/sql/executor.go:390.22,391.39 1 2
github.com/AgentHub-Studio/agenthub-skill-runtime/internal/executor/sql/executor.go:393.2,393.19 1 0
github.com/AgentHub-Studio/agenthub-skill-runtime/internal/executor/sql/executor.go:396.68,397.43 1 12
github.com/AgentHub-Studio/agenthub-skill-runtime/internal/executor/sql/executor.go:397.43,398.35 1 30
github.com/AgentHub-Studio/agenthub-skill-runtime/internal/executor/sql/executor.go:398.35,400.4 1 7
github.com/AgentHub-Studio/agenthub-skill-runtime/internal/executor/sql/executor.go:402.2,402.19 1 5
github.com/AgentHub-Studio/agenthub-skill-runtime/internal/executor/sql/executor.go:405.40,413.2 2 12
github.com/AgentHub-Studio/agenthub-skill-runtime/internal/invoker/invoker.go:49.29,58.2 1 0
github.com/AgentHub-Studio/agenthub-skill-runtime/internal/invoker/invoker.go:62.65,63.51 1 13
github.com/AgentHub-Studio/agenthub-skill-runtime/internal/invoker/invoker.go:63.51,65.3 1 10
github.com/AgentHub-Studio/agenthub-skill-runtime/internal/invoker/invoker.go:66.2,67.31 2 3
github.com/AgentHub-Studio/agenthub-skill-runtime/internal/invoker/invoker.go:67.31,69.3 1 6
github.com/AgentHub-Studio/agenthub-skill-runtime/internal/invoker/invoker.go:70.2,71.48 2 3
github.com/AgentHub-Studio/agenthub-skill-runtime/internal/invoker/invoker.go:71.48,73.3 1 1
github.com/AgentHub-Studio/agenthub-skill-runtime/internal/invoker/invoker.go:74.2,74.10 1 2
github.com/AgentHub-Studio/agenthub-skill-runtime/internal/invoker/invoker.go:88.63,90.2 1 9
github.com/AgentHub-Studio/agenthub-skill-runtime/internal/invoker/invoker.go:95.109,97.65 1 22
github.com/AgentHub-Studio/agenthub-skill-runtime/internal/invoker/invoker.go:97.65,99.3 1 1
github.com/AgentHub-Studio/agenthub-skill-runtime/internal/invoker/invoker.go:101.2,109.32 4 21
github.com/AgentHub-Studio/agenthub-skill-runtime/internal/invoker/invoker.go:109.32,111.17 2 27
github.com/AgentHub-Studio/agenthub-skill-runtime/internal/invoker/invoker.go:111.17,115.4 3 5
github.com/AgentHub-Studio/agenthub-skill-runtime/internal/invoker/invoker.go:118.3,118.32 1 22
github.com/AgentHub-Studio/agenthub-skill-runtime/internal/invoker/invoker.go:118.32,121.4 2 1
github.com/AgentHub-Studio/agenthub-skill-runtime/internal/invoker/invoker.go:123.3,123.35 1 21
github.com/AgentHub-Studio/agenthub-skill-runtime/internal/invoker/invoker.go:123.35,124.11 1 7
github.com/AgentHub-Studio/agenthub-skill-runtime/internal/invoker/invoker.go:125.22,126.26 1 1
github.com/AgentHub-Studio/agenthub-skill-runtime/internal/invoker/invoker.go:127.61,127.61 0 6
github.com/AgentHub-Studio/agenthub-skill-runtime/internal/invoker/invoker.go:132.2,133.80 2 14
github.com/AgentHub-Studio/agenthub-skill-runtime/internal/invoker/invoker.go:137.114,138.26 1 27
github.com/AgentHub-Studio/agenthub-skill-runtime/internal/invoker/invoker.go:138.26,140.3 1 0
github.com/AgentHub-Studio/agenthub-skill-runtime/internal/invoker/invoker.go:142.2,144.41 3 27
github.com/AgentHub-Studio/agenthub-skill-runtime/internal/executor/script/executor.go:28.51,28.70 1 1
github.com/AgentHub-Studio/agenthub-skill-runtime/internal/executor/script/executor.go:31.115,33.21 2 11
github.com/AgentHub-Studio/agenthub-skill-runtime/internal/executor/script/executor.go:33.21,35.3 1 1
github.com/AgentHub-Studio/agenthub-skill-runtime/internal/executor/script/executor.go:37.2,38.57 2 10
github.com/AgentHub-Studio/agenthub-skill-runtime/internal/executor/script/executor.go:38.57,40.3 1 2
github.com/AgentHub-Studio/agenthub-skill-runtime/internal/executor/script/executor.go:42.2,47.65 4 10
github.com/AgentHub-Studio/agenthub-skill-runtime/internal/executor/script/executor.go:47.65,48.38 1 1
github.com/AgentHub-Studio/agenthub-skill-runtime/internal/executor/script/executor.go:48.38,49.13 1 2
github.com/AgentHub-Studio/agenthub-skill-runtime/internal/executor/script/executor.go:49.13,51.5 1 1
github.com/AgentHub-Studio/agenthub-skill-runtime/internal/executor/script/executor.go:52.4,52.36 1 2
github.com/AgentHub-Studio/agenthub-skill-runtime/internal/executor/script/executor.go:54.3,55.26 2 1
github.com/AgentHub-Studio/agenthub-skill-runtime/internal/executor/script/executor.go:57.2,60.50 2 10
github.com/AgentHub-Studio/agenthub-skill-runtime/internal/executor/script/executor.go:60.50,62.3 1 0
github.com/AgentHub-Studio/agenthub-skill-runtime/internal/executor/script/executor.go:65.2,65.76 1 10
github.com/AgentHub-Studio/agenthub-skill-runtime/internal/executor/script/executor.go:65.76,67.3 1 1
github.com/AgentHub-Studio/agenthub-skill-runtime/internal/executor/script/executor.go:68.2,72.12 3 10
github.com/AgentHub-Studio/agenthub-skill-runtime/internal/executor/script/executor.go:72.12,73.10 1 10
github.com/AgentHub-Studio/agenthub-skill-runtime/internal/executor/script/executor.go:74.21,75.37 1 1
github.com/AgentHub-Studio/agenthub-skill-runtime/internal/executor/script/executor.go:76.15,76.15 0 9
github.com/AgentHub-Studio/agenthub-skill-runtime/internal/executor/script/executor.go:80.2,82.16 3 10
github.com/AgentHub-Studio/agenthub-skill-runtime/internal/executor/script/executor.go:82.16,84.3 1 4
github.com/AgentHub-Studio/agenthub-skill-runtime/internal/executor/script/executor.go:86.2,89.22 2 6
github.com/AgentHub-Studio/agenthub-skill-runtime/internal/executor/script/executor.go:89.22,91.3 1 1
github.com/AgentHub-Studio/agenthub-skill-runtime/internal/executor/script/executor.go:93.2,93.43 1 6
github.com/AgentHub-Studio/agenthub-skill-runtime/internal/server/routes.go:17.43,23.2 2 3
github.com/AgentHub-Studio/agenthub-skill-runtime/internal/server/routes.go:28.64,30.61 2 8
github.com/AgentHub-Studio/agenthub-skill-runtime/internal/server/routes.go:30.61,32.3 1 0
github.com/AgentHub-Studio/agenthub-skill-runtime/internal/server/routes.go:33.2,33.35 1 8
github.com/AgentHub-Studio/agenthub-skill-runtime/internal/server/routes.go:33.35,35.3 1 6
github.com/AgentHub-Studio/agenthub-skill-runtime/internal/server/routes.go:36.2,36.35 1 2
github.com/AgentHub-Studio/agenthub-skill-runtime/internal/server/routes.go:36.35,37.47 1 2
github.com/AgentHub-Studio/agenthub-skill-runtime/internal/server/routes.go:37.47,39.4 1 0
github.com/AgentHub-Studio/agenthub-skill-runtime/internal/server/routes.go:40.3,40.19 1 2
github.com/AgentHub-Studio/agenthub-skill-runtime/internal/server/routes.go:40.19,42.4 1 0
github.com/AgentHub-Studio/agenthub-skill-runtime/internal/server/routes.go:43.3,44.10 2 2
github.com/AgentHub-Studio/agenthub-skill-runtime/internal/server/routes.go:44.10,46.4 1 1
github.com/AgentHub-Studio/agenthub-skill-runtime/internal/server/routes.go:47.3,47.23 1 1
github.com/AgentHub-Studio/agenthub-skill-runtime/internal/server/routes.go:49.2,49.17 1 0
github.com/AgentHub-Studio/agenthub-skill-runtime/internal/server/routes.go:52.55,54.2 1 8
github.com/AgentHub-Studio/agenthub-skill-runtime/internal/server/routes.go:56.46,58.9 2 2
github.com/AgentHub-Studio/agenthub-skill-runtime/internal/server/routes.go:58.9,60.3 1 0
github.com/AgentHub-Studio/agenthub-skill-runtime/internal/server/routes.go:61.2,62.20 2 2
github.com/AgentHub-Studio/agenthub-skill-runtime/internal/server/routes.go:65.77,70.16 4 0
github.com/AgentHub-Studio/agenthub-skill-runtime/internal/server/routes.go:70.16,73.3 2 0
github.com/AgentHub-Studio/agenthub-skill-runtime/internal/server/routes.go:75.2,76.16 2 0
github.com/AgentHub-Studio/agenthub-skill-runtime/internal/server/routes.go:76.16,79.3 2 0
github.com/AgentHub-Studio/agenthub-skill-runtime/internal/server/routes.go:81.2,81.45 1 0
github.com/AgentHub-Studio/agenthub-skill-runtime/internal/server/routes.go:84.76,89.16 4 0
github.com/AgentHub-Studio/agenthub-skill-runtime/internal/server/routes.go:89.16,92.3 2 0
github.com/AgentHub-Studio/agenthub-skill-runtime/internal/server/routes.go:94.2,95.16 2 0
github.com/AgentHub-Studio/agenthub-skill-runtime/internal/server/routes.go:95.16,98.3 2 0
github.com/AgentHub-Studio/agenthub-skill-runtime/internal/server/routes.go:100.2,100.38 1 0
github.com/AgentHub-Studio/agenthub-skill-runtime/internal/server/routes.go:104.131,108.16 3 0
github.com/AgentHub-Studio/agenthub-skill-runtime/internal/server/routes.go:108.16,111.3 2 0
github.com/AgentHub-Studio/agenthub-skill-runtime/internal/server/routes.go:113.2,114.26 2 0
github.com/AgentHub-Studio/agenthub-skill-runtime/internal/server/routes.go:114.26,115.62 1 0
github.com/AgentHub-Studio/agenthub-skill-runtime/internal/server/routes.go:115.62,118.4 2 0
github.com/AgentHub-Studio/agenthub-skill-runtime/internal/server/routes.go:121.2,132.16 4 0
github.com/AgentHub-Studio/agenthub-skill-runtime/internal/server/routes.go:132.16,133.45 1 0
github.com/AgentHub-Studio/agenthub-skill-runtime/internal/server/routes.go:133.45,136.4 2 0
github.com/AgentHub-Studio/agenthub-skill-runtime/internal/server/routes.go:137.3,138.9 2 0
github.com/AgentHub-Studio/agenthub-skill-runtime/internal/server/routes.go:141.2,144.4 1 0
github.com/AgentHub-Studio/agenthub-skill-runtime/internal/server/routes.go:147.58,151.2 3 0
github.com/AgentHub-Studio/agenthub-skill-runtime/internal/server/routes.go:153.64,155.2 1 0
github.com/AgentHub-Studio/agenthub-skill-runtime/internal/server/server.go:30.58,51.63 12 3
github.com/AgentHub-Studio/agenthub-skill-runtime/internal/server/server.go:51.64,51.65 0 0
github.com/AgentHub-Studio/agenthub-skill-runtime/internal/server/server.go:54.2,58.29 3 3
github.com/AgentHub-Studio/agenthub-skill-runtime/internal/server/server.go:58.29,59.39 1 3
github.com/AgentHub-Studio/agenthub-skill-runtime/internal/server/server.go:59.39,61.4 1 12
github.com/AgentHub-Studio/agenthub-skill-runtime/internal/server/server.go:62.3,62.20 1 3
github.com/AgentHub-Studio/agenthub-skill-runtime/internal/server/server.go:65.2,66.10 2 3
github.com/AgentHub-Studio/agenthub-skill-runtime/internal/server/server.go:70.68,72.2 1 3
github.com/AgentHub-Studio/agenthub-skill-runtime/internal/server/server.go:74.71,78.2 3 1
github.com/AgentHub-Studio/agenthub-skill-runtime/internal/server/server.go:80.70,81.49 1 0
github.com/AgentHub-Studio/agenthub-skill-runtime/internal/server/server.go:81.49,86.3 4 0
github.com/AgentHub-Studio/agenthub-skill-runtime/internal/server/server.go:87.2,89.66 3 0
github.com/AgentHub-Studio/agenthub-skill-runtime/internal/ai/provider/openrouter/provider.go:31.53,32.19 1 0
github.com/AgentHub-Studio/agenthub-skill-runtime/internal/ai/provider/openrouter/provider.go:32.19,34.3 1 0
github.com/AgentHub-Studio/agenthub-skill-runtime/internal/ai/provider/openrouter/provider.go:35.2,40.3 1 0
github.com/AgentHub-Studio/agenthub-skill-runtime/internal/ai/provider/openrouter/provider.go:44.45,44.68 1 0
github.com/AgentHub-Studio/agenthub-skill-runtime/internal/ai/provider/openrouter/provider.go:75.116,77.26 2 0
github.com/AgentHub-Studio/agenthub-skill-runtime/internal/ai/provider/openrouter/provider.go:77.26,79.3 1 0
github.com/AgentHub-Studio/agenthub-skill-runtime/internal/ai/provider/openrouter/provider.go:81.2,91.16 3 0
github.com/AgentHub-Studio/agenthub-skill-runtime/internal/ai/provider/openrouter/provider.go:91.16,93.3 1 0
github.com/AgentHub-Studio/agenthub-skill-runtime/internal/ai/provider/openrouter/provider.go:95.2,96.16 2 0
github.com/AgentHub-Studio/agenthub-skill-runtime/internal/ai/provider/openrouter/provider.go:96.16,98.3 1 0
github.com/AgentHub-Studio/agenthub-skill-runtime/internal/ai/provider/openrouter/provider.go:99.2,102.16 3 0
github.com/AgentHub-Studio/agenthub-skill-runtime/internal/ai/provider/openrouter/provider.go:102.16,104.3 1 0
github.com/AgentHub-Studio/agenthub-skill-runtime/internal/ai/provider/openrouter/provider.go:105.2,105.15 1 0
github.com/AgentHub-Studio/agenthub-skill-runtime/internal/ai/provider/openrouter/provider.go:105.15,105.40 1 0
github.com/AgentHub-Studio/agenthub-skill-runtime/internal/ai/provider/openrouter/provider.go:107.2,107.28 1 0
github.com/AgentHub-Studio/agenthub-skill-runtime/internal/ai/provider/openrouter/provider.go:107.28,109.3 1 0
github.com/AgentHub-Studio/agenthub-skill-runtime/internal/ai/provider/openrouter/provider.go:111.2,112.63 2 0
github.com/AgentHub-Studio/agenthub-skill-runtime/internal/ai/provider/openrouter/provider.go:112.63,114.3 1 0
github.com/AgentHub-Studio/agenthub-skill-runtime/internal/ai/provider/openrouter/provider.go:116.2,116.26 1 0
github.com/AgentHub-Studio/agenthub-skill-runtime/internal/ai/provider/openrouter/provider.go:116.26,118.3 1 0
github.com/AgentHub-Studio/agenthub-skill-runtime/internal/ai/provider/openrouter/provider.go:120.2,131.8 2 0
github.com/AgentHub-Studio/agenthub-skill-runtime/internal/ai/provider/openrouter/provider.go:135.127,137.26 2 0
github.com/AgentHub-Studio/agenthub-skill-runtime/internal/ai/provider/openrouter/provider.go:137.26,139.3 1 0
github.com/AgentHub-Studio/agenthub-skill-runtime/internal/ai/provider/openrouter/provider.go:141.2,151.16 3 0
github.com/AgentHub-Studio/agenthub-skill-runtime/internal/ai/provider/openrouter/provider.go:151.16,153.3 1 0
github.com/AgentHub-Studio/agenthub-skill-runtime/internal/ai/provider/openrouter/provider.go:155.2,156.16 2 0
github.com/AgentHub-Studio/agenthub-skill-runtime/internal/ai/provider/openrouter/provider.go:156.16,158.3 1 0
github.com/AgentHub-Studio/agenthub-skill-runtime/internal/ai/provider/openrouter/provider.go:159.2,163.16 4 0
github.com/AgentHub-Studio/agenthub-skill-runtime/internal/ai/provider/openrouter/provider.go:163.16,165.3 1 0
github.com/AgentHub-Studio/agenthub-skill-runtime/internal/ai/provider/openrouter/provider.go:167.2,167.28 1 0
github.com/AgentHub-Studio/agenthub-skill-runtime/internal/ai/provider/openrouter/provider.go:167.28,170.3 2 0
github.com/AgentHub-Studio/agenthub-skill-runtime/internal/ai/provider/openrouter/provider.go:172.2,173.12 2 0
github.com/AgentHub-Studio/agenthub-skill-runtime/internal/ai/provider/openrouter/provider.go:173.12,175.16 2 0
github.com/AgentHub-Studio/agenthub-skill-runtime/internal/ai/provider/openrouter/provider.go:175.16,175.41 1 0
github.com/AgentHub-Studio/agenthub-skill-runtime/internal/ai/provider/openrouter/provider.go:177.3,178.22 2 0
github.com/AgentHub-Studio/agenthub-skill-runtime/internal/ai/provider/openrouter/provider.go:178.22,180.42 2 0
github.com/AgentHub-Studio/agenthub-skill-runtime/internal/ai/provider/openrouter/provider.go:180.42,181.13 1 0
github.com/AgentHub-Studio/agenthub-skill-runtime/internal/ai/provider/openrouter/provider.go:183.4,184.27 2 0
github.com/AgentHub-Studio/agenthub-skill-runtime/internal/ai/provider/openrouter/provider.go:184.27,186.5 1 0
github.com/AgentHub-Studio/agenthub-skill-runtime/internal/ai/provider/openrouter/provider.go:188.4,194.66 2 0
github.com/AgentHub-Studio/agenthub-skill-runtime/internal/ai/provider/openrouter/provider.go:194.66,197.5 2 0
github.com/AgentHub-Studio/agenthub-skill-runtime/internal/ai/provider/openrouter/provider.go:198.4,198.31 1 0
github.com/AgentHub-Studio/agenthub-skill-runtime/internal/ai/provider/openrouter/provider.go:198.31,199.13 1 0
github.com/AgentHub-Studio/agenthub-skill-runtime/internal/ai/provider/openrouter/provider.go:201.4,205.5 2 0
github.com/AgentHub-Studio/agenthub-skill-runtime/internal/ai/provider/openrouter/provider.go:209.2,209.16 1 0
github.com/AgentHub-Studio/agenthub-skill-runtime/internal/ai/provider/openrouter/provider.go:212.50,216.21 4 0
github.com/AgentHub-Studio/agenthub-skill-runtime/internal/ai/provider/openrouter/provider.go:216.21,218.3 1 0
github.com/AgentHub-Studio/agenthub-skill-runtime/internal/ai/provider/ollama/provider.go:21.36,22.19 1 0
github.com/AgentHub-Studio/agenthub-skill-runtime/internal/ai/provider/ollama/provider.go:22.19,24.3 1 0
github.com/AgentHub-Studio/agenthub-skill-runtime/internal/ai/provider/ollama/provider.go:26.2,26.50 1 0
github.com/AgentHub-Studio/agenthub-skill-runtime/internal/ai/provider/ollama/provider.go:30.45,30.64 1 0
github.com/AgentHub-Studio/agenthub-skill-runtime/internal/ai/provider/ollama/provider.go:33.116,35.16 2 0
github.com/AgentHub-Studio/agenthub-skill-runtime/internal/ai/provider/ollama/provider.go:35.16,37.3 1 0
github.com/AgentHub-Studio/agenthub-skill-runtime/internal/ai/provider/ollama/provider.go:38.2,38.18 1 0
github.com/AgentHub-Studio/agenthub-skill-runtime/internal/ai/provider/ollama/provider.go:42.127,44.2 1 0
github.com/AgentHub-Studio/agenthub-skill-runtime/internal/config/config.go:28.30,30.39 2 0
github.com/AgentHub-Studio/agenthub-skill-runtime/internal/config/config.go:30.39,32.3 1 0
github.com/AgentHub-Studio/agenthub-skill-runtime/internal/config/config.go:33.2,33.33 1 0
github.com/AgentHub-Studio/agenthub-skill-runtime/internal/config/config.go:33.33,35.3 1 0
github.com/AgentHub-Studio/agenthub-skill-runtime/internal/config/config.go:36.2,36.17 1 0
github.com/AgentHub-Studio/agenthub-skill-runtime/internal/config/config.go:40.41,42.2 1 0
github.com/AgentHub-Studio/agenthub-skill-runtime/internal/ai/registry.go:17.46,22.2 1 0
github.com/AgentHub-Studio/agenthub-skill-runtime/internal/ai/registry.go:26.67,34.52 5 0
github.com/AgentHub-Studio/agenthub-skill-runtime/internal/ai/registry.go:34.52,36.3 1 0
github.com/AgentHub-Studio/agenthub-skill-runtime/internal/ai/registry.go:40.64,45.9 4 0
github.com/AgentHub-Studio/agenthub-skill-runtime/internal/ai/registry.go:45.9,47.3 1 0
github.com/AgentHub-Studio/agenthub-skill-runtime/internal/ai/registry.go:48.2,48.15 1 0
github.com/AgentHub-Studio/agenthub-skill-runtime/internal/ai/registry.go:52.79,57.9 4 0
github.com/AgentHub-Studio/agenthub-skill-runtime/internal/ai/registry.go:57.9,59.3 1 0
github.com/AgentHub-Studio/agenthub-skill-runtime/internal/ai/registry.go:60.2,60.15 1 0
github.com/AgentHub-Studio/agenthub-skill-runtime/internal/ai/registry.go:64.49,69.32 4 0
github.com/AgentHub-Studio/agenthub-skill-runtime/internal/ai/registry.go:69.32,71.3 1 0
github.com/AgentHub-Studio/agenthub-skill-runtime/internal/ai/registry.go:72.2,73.14 2 0
github.com/AgentHub-Studio/agenthub-skill-runtime/internal/ai/provider/openai/provider.go:28.44,29.19 1 0
github.com/AgentHub-Studio/agenthub-skill-runtime/internal/ai/provider/openai/provider.go:29.19,31.3 1 0
github.com/AgentHub-Studio/agenthub-skill-runtime/internal/ai/provider/openai/provider.go:32.2,36.3 1 0
github.com/AgentHub-Studio/agenthub-skill-runtime/internal/ai/provider/openai/provider.go:40.45,40.64 1 0
github.com/AgentHub-Studio/agenthub-skill-runtime/internal/ai/provider/openai/provider.go:122.116,126.16 3 0
github.com/AgentHub-Studio/agenthub-skill-runtime/internal/ai/provider/openai/provider.go:126.16,128.3 1 0
github.com/AgentHub-Studio/agenthub-skill-runtime/internal/ai/provider/openai/provider.go:130.2,131.16 2 0
github.com/AgentHub-Studio/agenthub-skill-runtime/internal/ai/provider/openai/provider.go:131.16,133.3 1 0
github.com/AgentHub-Studio/agenthub-skill-runtime/internal/ai/provider/openai/provider.go:134.2,137.16 3 0
github.com/AgentHub-Studio/agenthub-skill-runtime/internal/ai/provider/openai/provider.go:137.16,139.3 1 0
github.com/AgentHub-Studio/agenthub-skill-runtime/internal/ai/provider/openai/provider.go:140.2,140.15 1 0
github.com/AgentHub-Studio/agenthub-skill-runtime/internal/ai/provider/openai/provider.go:140.15,140.40 1 0
github.com/AgentHub-Studio/agenthub-skill-runtime/internal/ai/provider/openai/provider.go:142.2,142.38 1 0
github.com/AgentHub-Studio/agenthub-skill-runtime/internal/ai/provider/openai/provider.go:142.38,144.3 1 0
github.com/AgentHub-Studio/agenthub-skill-runtime/internal/ai/provider/openai/provider.go:146.2,147.69 2 0
github.com/AgentHub-Studio/agenthub-skill-runtime/internal/ai/provider/openai/provider.go:147.69,149.3 1 0
github.com/AgentHub-Studio/agenthub-skill-runtime/internal/ai/provider/openai/provider.go:151.2,151.42 1 0
github.com/AgentHub-Studio/agenthub-skill-runtime/internal/ai/provider/openai/provider.go:156.127,160.16 3 0
github.com/AgentHub-Studio/agenthub-skill-runtime/internal/ai/provider/openai/provider.go:160.16,162.3 1 0
github.com/AgentHub-Studio/agenthub-skill-runtime/internal/ai/provider/openai/provider.go:164.2,165.16 2 0
github.com/AgentHub-Studio/agenthub-skill-runtime/internal/ai/provider/openai/provider.go:165.16,167.3 1 0
github.com/AgentHub-Studio/agenthub-skill-runtime/internal/ai/provider/openai/provider.go:168.2,172.16 4 0
github.com/AgentHub-Studio/agenthub-skill-runtime/internal/ai/provider/openai/provider.go:172.16,174.3 1 0
github.com/AgentHub-Studio/agenthub-skill-runtime/internal/ai/provider/openai/provider.go:176.2,176.38 1 0
github.com/AgentHub-Studio/agenthub-skill-runtime/internal/ai/provider/openai/provider.go:176.38,180.3 3 0
github.com/AgentHub-Studio/agenthub-skill-runtime/internal/ai/provider/openai/provider.go:182.2,183.12 2 0
github.com/AgentHub-Studio/agenthub-skill-runtime/internal/ai/provider/openai/provider.go:183.12,185.16 2 0
github.com/AgentHub-Studio/agenthub-skill-runtime/internal/ai/provider/openai/provider.go:185.16,185.41 1 0
github.com/AgentHub-Studio/agenthub-skill-runtime/internal/ai/provider/openai/provider.go:187.3,188.22 2 0
github.com/AgentHub-Studio/agenthub-skill-runtime/internal/ai/provider/openai/provider.go:188.22,191.44 2 0
github.com/AgentHub-Studio/agenthub-skill-runtime/internal/ai/provider/openai/provider.go:191.44,192.31 1 0
github.com/AgentHub-Studio/agenthub-skill-runtime/internal/ai/provider/openai/provider.go:192.31,194.6 1 0
github.com/AgentHub-Studio/agenthub-skill-runtime/internal/ai/provider/openai/provider.go:195.5,195.13 1 0
github.com/AgentHub-Studio/agenthub-skill-runtime/internal/ai/provider/openai/provider.go:198.4,199.11 2 0
github.com/AgentHub-Studio/agenthub-skill-runtime/internal/ai/provider/openai/provider.go:199.11,200.13 1 0
github.com/AgentHub-Studio/agenthub-skill-runtime/internal/ai/provider/openai/provider.go:203.4,204.63 2 0
github.com/AgentHub-Studio/agenthub-skill-runtime/internal/ai/provider/openai/provider.go:204.63,207.5 2 0
github.com/AgentHub-Studio/agenthub-skill-runtime/internal/ai/provider/openai/provider.go:209.4,209.41 1 0
github.com/AgentHub-Studio/agenthub-skill-runtime/internal/ai/provider/openai/provider.go:209.41,212.36 2 0
github.com/AgentHub-Studio/agenthub-skill-runtime/internal/ai/provider/openai/provider.go:212.36,214.6 1 0
github.com/AgentHub-Studio/agenthub-skill-runtime/internal/ai/provider/openai/provider.go:216.5,216.40 1 0
github.com/AgentHub-Studio/agenthub-skill-runtime/internal/ai/provider/openai/provider.go:216.40,226.6 2 0
github.com/AgentHub-Studio/agenthub-skill-runtime/internal/ai/provider/openai/provider.go:228.5,228.35 1 0
github.com/AgentHub-Studio/agenthub-skill-runtime/internal/ai/provider/openai/provider.go:228.35,230.6 1 0
github.com/AgentHub-Studio/agenthub-skill-runtime/internal/ai/provider/openai/provider.go:232.5,232.16 1 0
github.com/AgentHub-Studio/agenthub-skill-runtime/internal/ai/provider/openai/provider.go:236.3,236.39 1 0
github.com/AgentHub-Studio/agenthub-skill-runtime/internal/ai/provider/openai/provider.go:236.39,238.4 1 0
github.com/AgentHub-Studio/agenthub-skill-runtime/internal/ai/provider/openai/provider.go:241.2,241.16 1 0
github.com/AgentHub-Studio/agenthub-skill-runtime/internal/ai/provider/openai/provider.go:246.102,250.26 2 0
github.com/AgentHub-Studio/agenthub-skill-runtime/internal/ai/provider/openai/provider.go:250.26,252.3 1 0
github.com/AgentHub-Studio/agenthub-skill-runtime/internal/ai/provider/openai/provider.go:254.2,254.29 1 0
github.com/AgentHub-Studio/agenthub-skill-runtime/internal/ai/provider/openai/provider.go:254.29,260.34 2 0
github.com/AgentHub-Studio/agenthub-skill-runtime/internal/ai/provider/openai/provider.go:260.34,269.4 1 0
github.com/AgentHub-Studio/agenthub-skill-runtime/internal/ai/provider/openai/provider.go:270.3,270.27 1 0
github.com/AgentHub-Studio/agenthub-skill-runtime/internal/ai/provider/openai/provider.go:273.2,274.31 2 0
github.com/AgentHub-Studio/agenthub-skill-runtime/internal/ai/provider/openai/provider.go:274.31,283.3 1 0
github.com/AgentHub-Studio/agenthub-skill-runtime/internal/ai/provider/openai/provider.go:285.2,293.3 1 0
github.com/AgentHub-Studio/agenthub-skill-runtime/internal/ai/provider/openai/provider.go:296.50,299.2 2 0
github.com/AgentHub-Studio/agenthub-skill-runtime/internal/ai/provider/openai/provider.go:301.70,311.24 2 0
github.com/AgentHub-Studio/agenthub-skill-runtime/internal/ai/provider/openai/provider.go:311.24,316.42 4 0
github.com/AgentHub-Studio/agenthub-skill-runtime/internal/ai/provider/openai/provider.go:316.42,325.4 1 0
github.com/AgentHub-Studio/agenthub-skill-runtime/internal/ai/provider/openai/provider.go:328.2,328.13 1 0
github.com/AgentHub-Studio/agenthub-skill-runtime/internal/ai/provider/openai/provider.go:339.58,341.97 2 0
github.com/AgentHub-Studio/agenthub-skill-runtime/internal/ai/provider/openai/provider.go:341.97,343.3 1 0
github.com/AgentHub-Studio/agenthub-skill-runtime/internal/ai/provider/openai/provider.go:344.2,344.68 1 0
github.com/AgentHub-Studio/agenthub-skill-runtime/internal/database/postgres.go:12.70,14.16 2 0
github.com/AgentHub-Studio/agenthub-skill-runtime/internal/database/postgres.go:14.16,16.3 1 0
github.com/AgentHub-Studio/agenthub-skill-runtime/internal/database/postgres.go:18.2,24.16 6 0
github.com/AgentHub-Studio/agenthub-skill-runtime/internal/database/postgres.go:24.16,26.3 1 0
github.com/AgentHub-Studio/agenthub-skill-runtime/internal/database/postgres.go:28.2,28.39 1 0
github.com/AgentHub-Studio/agenthub-skill-runtime/internal/database/postgres.go:28.39,31.3 2 0
github.com/AgentHub-Studio/agenthub-skill-runtime/internal/database/postgres.go:33.2,33.18 1 0
github.com/AgentHub-Studio/agenthub-skill-runtime/cmd/skillruntime/main.go:17.13,19.16 2 0
github.com/AgentHub-Studio/agenthub-skill-runtime/cmd/skillruntime/main.go:19.16,22.3 2 0
github.com/AgentHub-Studio/agenthub-skill-runtime/cmd/skillruntime/main.go:24.2,29.16 4 0
github.com/AgentHub-Studio/agenthub-skill-runtime/cmd/skillruntime/main.go:29.16,32.3 2 0
github.com/AgentHub-Studio/agenthub-skill-runtime/cmd/skillruntime/main.go:33.2,53.12 6 0
github.com/AgentHub-Studio/agenthub-skill-runtime/cmd/skillruntime/main.go:53.12,55.84 2 0
github.com/AgentHub-Studio/agenthub-skill-runtime/cmd/skillruntime/main.go:55.84,58.4 2 0
github.com/AgentHub-Studio/agenthub-skill-runtime/cmd/skillruntime/main.go:61.2,67.57 5 0
github.com/AgentHub-Studio/agenthub-skill-runtime/cmd/skillruntime/main.go:67.57,69.3 1 0
github.com/AgentHub-Studio/agenthub-skill-runtime/cmd/skillruntime/main.go:71.2,71.29 1 0
github.com/AgentHub-Studio/agenthub-skill-runtime/cmd/skillruntime/main.go:74.32,76.15 2 0
github.com/AgentHub-Studio/agenthub-skill-runtime/cmd/skillruntime/main.go:77.15,78.24 1 0
github.com/AgentHub-Studio/agenthub-skill-runtime/cmd/skillruntime/main.go:79.14,80.23 1 0
github.com/AgentHub-Studio/agenthub-skill-runtime/cmd/skillruntime/main.go:81.15,82.24 1 0
github.com/AgentHub-Studio/agenthub-skill-runtime/cmd/skillruntime/main.go:83.10,84.23 1 0
github.com/AgentHub-Studio/agenthub-skill-runtime/cmd/skillruntime/main.go:86.2,86.93 1 0
github.com/AgentHub-Studio/agenthub-skill-runtime/internal/ai/provider/anthropic/provider.go:32.44,33.19 1 0
github.com/AgentHub-Studio/agenthub-skill-runtime/internal/ai/provider/anthropic/provider.go:33.19,35.3 1 0
github.com/AgentHub-Studio/agenthub-skill-runtime/internal/ai/provider/anthropic/provider.go:36.2,40.3 1 0
github.com/AgentHub-Studio/agenthub-skill-runtime/internal/ai/provider/anthropic/provider.go:44.45,44.67 1 0
github.com/AgentHub-Studio/agenthub-skill-runtime/internal/ai/provider/anthropic/provider.go:130.116,132.16 2 0
github.com/AgentHub-Studio/agenthub-skill-runtime/internal/ai/provider/anthropic/provider.go:132.16,134.3 1 0
github.com/AgentHub-Studio/agenthub-skill-runtime/internal/ai/provider/anthropic/provider.go:136.2,137.16 2 0
github.com/AgentHub-Studio/agenthub-skill-runtime/internal/ai/provider/anthropic/provider.go:137.16,139.3 1 0
github.com/AgentHub-Studio/agenthub-skill-runtime/internal/ai/provider/anthropic/provider.go:141.2,142.16 2 0
github.com/AgentHub-Studio/agenthub-skill-runtime/internal/ai/provider/anthropic/provider.go:142.16,144.3 1 0
github.com/AgentHub-Studio/agenthub-skill-runtime/internal/ai/provider/anthropic/provider.go:145.2,148.16 3 0
github.com/AgentHub-Studio/agenthub-skill-runtime/internal/ai/provider/anthropic/provider.go:148.16,150.3 1 0
github.com/AgentHub-Studio/agenthub-skill-runtime/internal/ai/provider/anthropic/provider.go:151.2,151.15 1 0
github.com/AgentHub-Studio/agenthub-skill-runtime/internal/ai/provider/anthropic/provider.go:151.15,151.40 1 0
github.com/AgentHub-Studio/agenthub-skill-runtime/internal/ai/provider/anthropic/provider.go:153.2,153.38 1 0
github.com/AgentHub-Studio/agenthub-skill-runtime/internal/ai/provider/anthropic/provider.go:153.38,155.3 1 0
github.com/AgentHub-Studio/agenthub-skill-runtime/internal/ai/provider/anthropic/provider.go:157.2,158.68 2 0
github.com/AgentHub-Studio/agenthub-skill-runtime/internal/ai/provider/anthropic/provider.go:158.68,160.3 1 0
github.com/AgentHub-Studio/agenthub-skill-runtime/internal/ai/provider/anthropic/provider.go:162.2,162.41 1 0
github.com/AgentHub-Studio/agenthub-skill-runtime/internal/ai/provider/anthropic/provider.go:167.127,169.16 2 0
github.com/AgentHub-Studio/agenthub-skill-runtime/internal/ai/provider/anthropic/provider.go:169.16,171.3 1 0
github.com/AgentHub-Studio/agenthub-skill-runtime/internal/ai/provider/anthropic/provider.go:173.2,174.16 2 0
github.com/AgentHub-Studio/agenthub-skill-runtime/internal/ai/provider/anthropic/provider.go:174.16,176.3 1 0
github.com/AgentHub-Studio/agenthub-skill-runtime/internal/ai/provider/anthropic/provider.go:178.2,179.16 2 0
github.com/AgentHub-Studio/agenthub-skill-runtime/internal/ai/provider/anthropic/provider.go:179.16,181.3 1 0
github.com/AgentHub-Studio/agenthub-skill-runtime/internal/ai/provider/anthropic/provider.go:182.2,186.16 4 0
github.com/AgentHub-Studio/agenthub-skill-runtime/internal/ai/provider/anthropic/provider.go:186.16,188.3 1 0
github.com/AgentHub-Studio/agenthub-skill-runtime/internal/ai/provider/anthropic/provider.go:190.2,190.38 1 0
github.com/AgentHub-Studio/agenthub-skill-runtime/internal/ai/provider/anthropic/provider.go:190.38,194.3 3 0
github.com/AgentHub-Studio/agenthub-skill-runtime/internal/ai/provider/anthropic/provider.go:196.2,197.12 2 0
github.com/AgentHub-Studio/agenthub-skill-runtime/internal/ai/provider/anthropic/provider.go:197.12,199.16 2 0
github.com/AgentHub-Studio/agenthub-skill-runtime/internal/ai/provider/anthropic/provider.go:199.16,199.41 1 0
github.com/AgentHub-Studio/agenthub-skill-runtime/internal/ai/provider/anthropic/provider.go:201.3,202.22 2 0
github.com/AgentHub-Studio/agenthub-skill-runtime/internal/ai/provider/anthropic/provider.go:202.22,204.18 2 0
github.com/AgentHub-Studio/agenthub-skill-runtime/internal/ai/provider/anthropic/provider.go:204.18,205.13 1 0
github.com/AgentHub-Studio/agenthub-skill-runtime/internal/ai/provider/anthropic/provider.go:209.4,210.11 2 0
github.com/AgentHub-Studio/agenthub-skill-runtime/internal/ai/provider/anthropic/provider.go:210.11,211.13 1 0
github.com/AgentHub-Studio/agenthub-skill-runtime/internal/ai/provider/anthropic/provider.go:214.4,215.61 2 0
github.com/AgentHub-Studio/agenthub-skill-runtime/internal/ai/provider/anthropic/provider.go:215.61,218.5 2 0
github.com/AgentHub-Studio/agenthub-skill-runtime/internal/ai/provider/anthropic/provider.go:220.4,220.20 1 0
github.com/AgentHub-Studio/agenthub-skill-runtime/internal/ai/provider/anthropic/provider.go:221.31,222.25 1 0
github.com/AgentHub-Studio/agenthub-skill-runtime/internal/ai/provider/anthropic/provider.go:222.25,223.14 1 0
github.com/AgentHub-Studio/agenthub-skill-runtime/internal/ai/provider/anthropic/provider.go:225.5,226.27 2 0
github.com/AgentHub-Studio/agenthub-skill-runtime/internal/ai/provider/anthropic/provider.go:227.23,228.34 1 0
github.com/AgentHub-Studio/agenthub-skill-runtime/internal/ai/provider/anthropic/provider.go:229.29,233.7 1 0
github.com/AgentHub-Studio/agenthub-skill-runtime/internal/ai/provider/anthropic/provider.go:235.5,235.16 1 0
github.com/AgentHub-Studio/agenthub-skill-runtime/internal/ai/provider/anthropic/provider.go:237.25,238.55 1 0
github.com/AgentHub-Studio/agenthub-skill-runtime/internal/ai/provider/anthropic/provider.go:238.55,240.6 1 0
github.com/AgentHub-Studio/agenthub-skill-runtime/internal/ai/provider/anthropic/provider.go:242.24,243.11 1 0
github.com/AgentHub-Studio/agenthub-skill-runtime/internal/ai/provider/anthropic/provider.go:247.3,247.39 1 0
github.com/AgentHub-Studio/agenthub-skill-runtime/internal/ai/provider/anthropic/provider.go:247.39,249.4 1 0
github.com/AgentHub-Studio/agenthub-skill-runtime/internal/ai/provider/anthropic/provider.go:252.2,252.16 1 0
github.com/AgentHub-Studio/agenthub-skill-runtime/internal/ai/provider/anthropic/provider.go:257.116,259.20 2 0
github.com/AgentHub-Studio/agenthub-skill-runtime/internal/ai/provider/anthropic/provider.go:259.20,261.3 1 0
github.com/AgentHub-Studio/agenthub-skill-runtime/internal/ai/provider/anthropic/provider.go:263.2,270.29 2 0
github.com/AgentHub-Studio/agenthub-skill-runtime/internal/ai/provider/anthropic/provider.go:270.29,272.30 1 0
github.com/AgentHub-Studio/agenthub-skill-runtime/internal/ai/provider/anthropic/provider.go:272.30,273.24 1 0
github.com/AgentHub-Studio/agenthub-skill-runtime/internal/ai/provider/anthropic/provider.go:273.24,275.5 1 0
github.com/AgentHub-Studio/agenthub-skill-runtime/internal/ai/provider/anthropic/provider.go:276.4,276.12 1 0
github.com/AgentHub-Studio/agenthub-skill-runtime/internal/ai/provider/anthropic/provider.go:279.3,280.17 2 0
github.com/AgentHub-Studio/agenthub-skill-runtime/internal/ai/provider/anthropic/provider.go:280.17,282.4 1 0
github.com/AgentHub-Studio/agenthub-skill-runtime/internal/ai/provider/anthropic/provider.go:283.3,283.43 1 0
github.com/AgentHub-Studio/agenthub-skill-runtime/internal/ai/provider/anthropic/provider.go:286.2,286.31 1 0
github.com/AgentHub-Studio/agenthub-skill-runtime/internal/ai/provider/anthropic/provider.go:286.31,292.3 1 0
github.com/AgentHub-Studio/agenthub-skill-runtime/internal/ai/provider/anthropic/provider.go:294.2,294.17 1 0
github.com/AgentHub-Studio/agenthub-skill-runtime/internal/ai/provider/anthropic/provider.go:297.52,298.9 1 0
github.com/AgentHub-Studio/agenthub-skill-runtime/internal/ai/provider/anthropic/provider.go:299.29,307.17 3 0
github.com/AgentHub-Studio/agenthub-skill-runtime/internal/ai/provider/anthropic/provider.go:307.17,309.4 1 0
github.com/AgentHub-Studio/agenthub-skill-runtime/internal/ai/provider/anthropic/provider.go:310.3,310.50 1 0
github.com/AgentHub-Studio/agenthub-skill-runtime/internal/ai/provider/anthropic/provider.go:312.28,315.22 2 0
github.com/AgentHub-Studio/agenthub-skill-runtime/internal/ai/provider/anthropic/provider.go:315.22,317.4 1 0
github.com/AgentHub-Studio/agenthub-skill-runtime/internal/ai/provider/anthropic/provider.go:318.3,318.34 1 0
github.com/AgentHub-Studio/agenthub-skill-runtime/internal/ai/provider/anthropic/provider.go:318.34,320.29 2 0
github.com/AgentHub-Studio/agenthub-skill-runtime/internal/ai/provider/anthropic/provider.go:320.29,322.5 1 0
github.com/AgentHub-Studio/agenthub-skill-runtime/internal/ai/provider/anthropic/provider.go:323.4,328.6 1 0
github.com/AgentHub-Studio/agenthub-skill-runtime/internal/ai/provider/anthropic/provider.go:330.3,331.17 2 0
github.com/AgentHub-Studio/agenthub-skill-runtime/internal/ai/provider/anthropic/provider.go:331.17,333.4 1 0
github.com/AgentHub-Studio/agenthub-skill-runtime/internal/ai/provider/anthropic/provider.go:334.3,334.55 1 0
github.com/AgentHub-Studio/agenthub-skill-runtime/internal/ai/provider/anthropic/provider.go:336.10,339.17 2 0
github.com/AgentHub-Studio/agenthub-skill-runtime/internal/ai/provider/anthropic/provider.go:339.17,341.4 1 0
github.com/AgentHub-Studio/agenthub-skill-runtime/internal/ai/provider/anthropic/provider.go:342.3,342.50 1 0
github.com/AgentHub-Studio/agenthub-skill-runtime/internal/ai/provider/anthropic/provider.go:346.74,357.34 2 0
github.com/AgentHub-Studio/agenthub-skill-runtime/internal/ai/provider/anthropic/provider.go:357.34,358.21 1 0
github.com/AgentHub-Studio/agenthub-skill-runtime/internal/ai/provider/anthropic/provider.go:359.15,360.30 1 0
github.com/AgentHub-Studio/agenthub-skill-runtime/internal/ai/provider/anthropic/provider.go:361.19,363.26 2 0
github.com/AgentHub-Studio/agenthub-skill-runtime/internal/ai/provider/anthropic/provider.go:363.26,365.5 1 0
github.com/AgentHub-Studio/agenthub-skill-runtime/internal/ai/provider/anthropic/provider.go:366.4,373.6 1 0
github.com/AgentHub-Studio/agenthub-skill-runtime/internal/ai/provider/anthropic/provider.go:377.2,377.13 1 0
github.com/AgentHub-Studio/agenthub-skill-runtime/internal/ai/provider/anthropic/provider.go:381.37,382.11 1 0
github.com/AgentHub-Studio/agenthub-skill-runtime/internal/ai/provider/anthropic/provider.go:383.18,384.16 1 0
github.com/AgentHub-Studio/agenthub-skill-runtime/internal/ai/provider/anthropic/provider.go:385.18,386.22 1 0
github.com/AgentHub-Studio/agenthub-skill-runtime/internal/ai/provider/anthropic/provider.go:387.20,388.18 1 0
github.com/AgentHub-Studio/agenthub-skill-runtime/internal/ai/provider/anthropic/provider.go:389.10,390.11 1 0
github.com/AgentHub-Studio/agenthub-skill-runtime/internal/ai/provider/anthropic/provider.go:394.50,398.2 3 0
github.com/AgentHub-Studio/agenthub-skill-runtime/internal/ai/provider/anthropic/provider.go:408.58,410.97 2 0
github.com/AgentHub-Studio/agenthub-skill-runtime/internal/ai/provider/anthropic/provider.go:410.97,412.3 1 0
github.com/AgentHub-Studio/agenthub-skill-runtime/internal/ai/provider/anthropic/provider.go:413.2,413.71 1 0
